timestamp_utc,label,value,context
2026-09-06T10:53:39.578041+00:00,friends,36,veloper Last seen 9h ago 36 Friends 3631 Followers 14 Follow
2026-09-06T10:53:39.578041+00:00,members,352,fline Groups (6) < > KEY 352 members anti-kostas 40 members k
2026-09-06T10:53:39.578041+00:00,members,40, 352 members anti-kostas 40 members kostas 76 members The 2T
2026-09-06T10:53:39.578041+00:00,members,76,kostas 40 members kostas 76 members The 2Toneverse 182 membe
2026-09-06T10:53:39.578041+00:00,members,182,6 members The 2Toneverse 182 members Mini Tower Mayhem! 42 me
2026-09-06T10:53:39.578041+00:00,members,42,"mbers Mini Tower Mayhem! 42 members Vortex 2,010 members Own"
2026-09-06T10:53:39.578041+00:00,members,2010,"ayhem! 42 members Vortex 2,010 members Owner Visits 111,918 Joi"
2026-09-06T10:53:39.578041+00:00,friends,3631,oper Last seen 9h ago 36 Friends 3631 Followers 14 Following A
2026-09-06T10:53:39.578041+00:00,visits,111918,"rtex 2,010 members Owner Visits 111,918 Joined April 23, 2026 Wi"
2026-09-06T13:48:45.124507+00:00,friends,36,eloper Last seen 11h ago 36 Friends 3633 Followers 14 Follow
2026-09-06T13:48:45.124507+00:00,members,357,fline Groups (6) < > KEY 357 members anti-kostas 40 members k
2026-09-06T13:48:45.124507+00:00,members,40, 357 members anti-kostas 40 members kostas 76 members The 2T
2026-09-06T13:48:45.124507+00:00,members,76,kostas 40 members kostas 76 members The 2Toneverse 183 membe
2026-09-06T13:48:45.124507+00:00,members,183,6 members The 2Toneverse 183 members Mini Tower Mayhem! 42 me
2026-09-06T13:48:45.124507+00:00,members,42,"mbers Mini Tower Mayhem! 42 members Vortex 2,027 members Own"
2026-09-06T13:48:45.124507+00:00,members,2027,"ayhem! 42 members Vortex 2,027 members Owner Visits 111,968 Joi"
2026-09-06T13:48:45.124507+00:00,friends,3633,per Last seen 11h ago 36 Friends 3633 Followers 14 Following A
2026-09-06T13:48:45.124507+00:00,online,2,6) < > Kid In Studio enk Online 2Tone Offline Connor Offli
2026-09-06T13:48:45.124507+00:00,visits,111968,"rtex 2,027 members Owner Visits 111,968 Joined April 23, 2026 Wi"
2026-09-06T16:41:57.943857+00:00,friends,36,eloper Last seen 14h ago 36 Friends 3636 Followers 14 Follow
2026-09-06T16:41:57.943857+00:00,members,359,fline Groups (6) < > KEY 359 members anti-kostas 40 members k
2026-09-06T16:41:57.943857+00:00,members,40, 359 members anti-kostas 40 members kostas 76 members The 2T
2026-09-06T16:41:57.943857+00:00,members,76,kostas 40 members kostas 76 members The 2Toneverse 183 membe
2026-09-06T16:41:57.943857+00:00,members,183,6 members The 2Toneverse 183 members Mini Tower Mayhem! 42 me
2026-09-06T16:41:57.943857+00:00,members,42,"mbers Mini Tower Mayhem! 42 members Vortex 2,045 members Own"
2026-09-06T16:41:57.943857+00:00,members,2045,"ayhem! 42 members Vortex 2,045 members Owner Visits 112,134 Joi"
2026-09-06T16:41:57.943857+00:00,friends,3636,per Last seen 14h ago 36 Friends 3636 Followers 14 Following A
2026-09-06T16:41:57.943857+00:00,visits,112134,"rtex 2,045 members Owner Visits 112,134 Joined April 23, 2026 Wi"
2026-09-06T18:39:24.845725+00:00,friends,36,eloper Last seen 23m ago 36 Friends 3639 Followers 14 Follow
2026-09-06T18:39:24.845725+00:00,members,360,fline Groups (6) < > KEY 360 members anti-kostas 40 members k
2026-09-06T18:39:24.845725+00:00,members,40, 360 members anti-kostas 40 members kostas 76 members The 2T
2026-09-06T18:39:24.845725+00:00,members,76,kostas 40 members kostas 76 members The 2Toneverse 183 membe
2026-09-06T18:39:24.845725+00:00,members,183,6 members The 2Toneverse 183 members Mini Tower Mayhem! 42 me
2026-09-06T18:39:24.845725+00:00,members,42,"mbers Mini Tower Mayhem! 42 members Vortex 2,056 members Own"
2026-09-06T18:39:24.845725+00:00,members,2056,"ayhem! 42 members Vortex 2,056 members Owner Visits 112,213 Joi"
2026-09-06T18:39:24.845725+00:00,friends,3639,per Last seen 23m ago 36 Friends 3639 Followers 14 Following A
2026-09-06T18:39:24.845725+00:00,visits,112213,"rtex 2,056 members Owner Visits 112,213 Joined April 23, 2026 Wi"
2026-09-06T20:50:12.509658+00:00,friends,36,veloper Last seen 2h ago 36 Friends 3641 Followers 14 Follow
2026-09-06T20:50:12.509658+00:00,members,362,fline Groups (6) < > KEY 362 members anti-kostas 40 members k
2026-09-06T20:50:12.509658+00:00,members,40, 362 members anti-kostas 40 members kostas 76 members The 2T
2026-09-06T20:50:12.509658+00:00,members,76,kostas 40 members kostas 76 members The 2Toneverse 183 membe
2026-09-06T20:50:12.509658+00:00,members,183,6 members The 2Toneverse 183 members Mini Tower Mayhem! 42 me
2026-09-06T20:50:12.509658+00:00,members,42,"mbers Mini Tower Mayhem! 42 members Vortex 2,066 members Own"
2026-09-06T20:50:12.509658+00:00,members,2066,"ayhem! 42 members Vortex 2,066 members Owner Visits 112,228 Joi"
2026-09-06T20:50:12.509658+00:00,friends,3641,oper Last seen 2h ago 36 Friends 3641 Followers 14 Following A
2026-09-06T20:50:12.509658+00:00,visits,112228,"rtex 2,066 members Owner Visits 112,228 Joined April 23, 2026 Wi"
2026-09-06T22:40:11.460800+00:00,friends,36,veloper Last seen 4h ago 36 Friends 3641 Followers 14 Follow
2026-09-06T22:40:11.460800+00:00,members,362,fline Groups (6) < > KEY 362 members anti-kostas 40 members k
2026-09-06T22:40:11.460800+00:00,members,40, 362 members anti-kostas 40 members kostas 76 members The 2T
2026-09-06T22:40:11.460800+00:00,members,76,kostas 40 members kostas 76 members The 2Toneverse 183 membe
2026-09-06T22:40:11.460800+00:00,members,183,6 members The 2Toneverse 183 members Mini Tower Mayhem! 42 me
2026-09-06T22:40:11.460800+00:00,members,42,"mbers Mini Tower Mayhem! 42 members Vortex 2,073 members Own"
2026-09-06T22:40:11.460800+00:00,members,2073,"ayhem! 42 members Vortex 2,073 members Owner Visits 112,261 Joi"
2026-09-06T22:40:11.460800+00:00,friends,3641,oper Last seen 4h ago 36 Friends 3641 Followers 14 Following A
2026-09-06T22:40:11.460800+00:00,online,2, Jsc In Studio ItsBrainy Online 2Tone Offline Connor Offli
2026-09-06T22:40:11.460800+00:00,visits,112261,"rtex 2,073 members Owner Visits 112,261 Joined April 23, 2026 Wi"
2026-09-07T00:21:08.088394+00:00,friends,36,veloper Last seen 6h ago 36 Friends 3641 Followers 14 Follow
2026-09-07T00:21:08.088394+00:00,members,362,fline Groups (6) < > KEY 362 members anti-kostas 40 members k
2026-09-07T00:21:08.088394+00:00,members,40, 362 members anti-kostas 40 members kostas 76 members The 2T
2026-09-07T00:21:08.088394+00:00,members,76,kostas 40 members kostas 76 members The 2Toneverse 183 membe
2026-09-07T00:21:08.088394+00:00,members,183,6 members The 2Toneverse 183 members Mini Tower Mayhem! 42 me
2026-09-07T00:21:08.088394+00:00,members,42,"mbers Mini Tower Mayhem! 42 members Vortex 2,076 members Own"
2026-09-07T00:21:08.088394+00:00,members,2076,"ayhem! 42 members Vortex 2,076 members Owner Visits 112,285 Joi"
2026-09-07T00:21:08.088394+00:00,friends,3641,oper Last seen 6h ago 36 Friends 3641 Followers 14 Following A
2026-09-07T00:21:08.088394+00:00,visits,112285,"rtex 2,076 members Owner Visits 112,285 Joined April 23, 2026 Wi"
2026-09-07T05:01:16.838991+00:00,friends,36,veloper Last seen 2h ago 36 Friends 3642 Followers 14 Follow
2026-09-07T05:01:16.838991+00:00,members,364,fline Groups (6) < > KEY 364 members anti-kostas 40 members k
2026-09-07T05:01:16.838991+00:00,members,40, 364 members anti-kostas 40 members kostas 76 members The 2T
2026-09-07T05:01:16.838991+00:00,members,76,kostas 40 members kostas 76 members The 2Toneverse 183 membe
2026-09-07T05:01:16.838991+00:00,members,183,6 members The 2Toneverse 183 members Mini Tower Mayhem! 43 me
2026-09-07T05:01:16.838991+00:00,members,43,"mbers Mini Tower Mayhem! 43 members Vortex 2,086 members Own"
2026-09-07T05:01:16.838991+00:00,members,2086,"ayhem! 43 members Vortex 2,086 members Owner Visits 112,341 Joi"
2026-09-07T05:01:16.838991+00:00,friends,3642,oper Last seen 2h ago 36 Friends 3642 Followers 14 Following A
2026-09-07T05:01:16.838991+00:00,visits,112341,"rtex 2,086 members Owner Visits 112,341 Joined April 23, 2026 Wi"
2026-09-07T10:17:05.844251+00:00,friends,36,veloper Last seen 2h ago 36 Friends 3646 Followers 14 Follow
2026-09-07T10:17:05.844251+00:00,members,365,fline Groups (6) < > KEY 365 members anti-kostas 40 members k
2026-09-07T10:17:05.844251+00:00,members,40, 365 members anti-kostas 40 members kostas 76 members The 2T
2026-09-07T10:17:05.844251+00:00,members,76,kostas 40 members kostas 76 members The 2Toneverse 183 membe
2026-09-07T10:17:05.844251+00:00,members,183,6 members The 2Toneverse 183 members Mini Tower Mayhem! 43 me
2026-09-07T10:17:05.844251+00:00,members,43,"mbers Mini Tower Mayhem! 43 members Vortex 2,097 members Own"
2026-09-07T10:17:05.844251+00:00,members,2097,"ayhem! 43 members Vortex 2,097 members Owner Visits 112,367 Joi"
2026-09-07T10:17:05.844251+00:00,friends,3646,oper Last seen 2h ago 36 Friends 3646 Followers 14 Following A
2026-09-07T10:17:05.844251+00:00,visits,112367,"rtex 2,097 members Owner Visits 112,367 Joined April 23, 2026 Wi"
2026-09-07T15:58:34.443445+00:00,friends,36,veloper Last seen 8h ago 36 Friends 3647 Followers 14 Follow
2026-09-07T15:58:34.443445+00:00,members,366,fline Groups (6) < > KEY 366 members anti-kostas 39 members k
2026-09-07T15:58:34.443445+00:00,members,39, 366 members anti-kostas 39 members kostas 76 members The 2T
2026-09-07T15:58:34.443445+00:00,members,76,kostas 39 members kostas 76 members The 2Toneverse 183 membe
2026-09-07T15:58:34.443445+00:00,members,183,6 members The 2Toneverse 183 members Mini Tower Mayhem! 44 me
2026-09-07T15:58:34.443445+00:00,members,44,"mbers Mini Tower Mayhem! 44 members Vortex 2,116 members Own"
2026-09-07T15:58:34.443445+00:00,members,2116,"ayhem! 44 members Vortex 2,116 members Owner Visits 112,468 Joi"
2026-09-07T15:58:34.443445+00:00,friends,3647,oper Last seen 8h ago 36 Friends 3647 Followers 14 Following A
2026-09-07T15:58:34.443445+00:00,visits,112468,"rtex 2,116 members Owner Visits 112,468 Joined April 23, 2026 Wi"
2026-09-07T19:44:08.548359+00:00,friends,36,eloper Last seen 42m ago 36 Friends 3650 Followers 14 Follow
2026-09-07T19:44:08.548359+00:00,members,367,fline Groups (6) < > KEY 367 members anti-kostas 39 members k
2026-09-07T19:44:08.548359+00:00,members,39, 367 members anti-kostas 39 members kostas 76 members The 2T
2026-09-07T19:44:08.548359+00:00,members,76,kostas 39 members kostas 76 members The 2Toneverse 183 membe
2026-09-07T19:44:08.548359+00:00,members,183,6 members The 2Toneverse 183 members Mini Tower Mayhem! 44 me
2026-09-07T19:44:08.548359+00:00,members,44,"mbers Mini Tower Mayhem! 44 members Vortex 2,135 members Own"
2026-09-07T19:44:08.548359+00:00,members,2135,"ayhem! 44 members Vortex 2,135 members Owner Visits 112,523 Joi"
2026-09-07T19:44:08.548359+00:00,friends,3650,per Last seen 42m ago 36 Friends 3650 Followers 14 Following A
2026-09-07T19:44:08.548359+00:00,visits,112523,"rtex 2,135 members Owner Visits 112,523 Joined April 23, 2026 Wi"
2026-09-07T22:17:21.278972+00:00,friends,36,veloper Last seen 2h ago 36 Friends 3652 Followers 14 Follow
2026-09-07T22:17:21.278972+00:00,members,368,fline Groups (6) < > KEY 368 members anti-kostas 39 members k
2026-09-07T22:17:21.278972+00:00,members,39, 368 members anti-kostas 39 members kostas 76 members The 2T
2026-09-07T22:17:21.278972+00:00,members,76,kostas 39 members kostas 76 members The 2Toneverse 184 membe
2026-09-07T22:17:21.278972+00:00,members,184,6 members The 2Toneverse 184 members Mini Tower Mayhem! 44 me
2026-09-07T22:17:21.278972+00:00,members,44,"mbers Mini Tower Mayhem! 44 members Vortex 2,150 members Own"
2026-09-07T22:17:21.278972+00:00,members,2150,"ayhem! 44 members Vortex 2,150 members Owner Visits 112,564 Joi"
2026-09-07T22:17:21.278972+00:00,friends,3652,oper Last seen 2h ago 36 Friends 3652 Followers 14 Following A
2026-09-07T22:17:21.278972+00:00,visits,112564,"rtex 2,150 members Owner Visits 112,564 Joined April 23, 2026 Wi"
2026-09-08T00:35:49.789610+00:00,friends,36,eloper Last seen 29m ago 36 Friends 3654 Followers 14 Follow
2026-09-08T00:35:49.789610+00:00,members,368,fline Groups (6) < > KEY 368 members anti-kostas 39 members k
2026-09-08T00:35:49.789610+00:00,members,39, 368 members anti-kostas 39 members kostas 77 members The 2T
2026-09-08T00:35:49.789610+00:00,members,77,kostas 39 members kostas 77 members The 2Toneverse 184 membe
2026-09-08T00:35:49.789610+00:00,members,184,7 members The 2Toneverse 184 members Mini Tower Mayhem! 44 me
2026-09-08T00:35:49.789610+00:00,members,44,"mbers Mini Tower Mayhem! 44 members Vortex 2,162 members Own"
2026-09-08T00:35:49.789610+00:00,members,2162,"ayhem! 44 members Vortex 2,162 members Owner Visits 112,605 Joi"
2026-09-08T00:35:49.789610+00:00,friends,3654,per Last seen 29m ago 36 Friends 3654 Followers 14 Following A
2026-09-08T00:35:49.789610+00:00,online,2, Jsc In Studio ItsBrainy Online 2Tone Offline Connor Offli
2026-09-08T00:35:49.789610+00:00,visits,112605,"rtex 2,162 members Owner Visits 112,605 Joined April 23, 2026 Wi"
2026-09-08T05:15:27.224265+00:00,friends,36,eloper Last seen 46m ago 36 Friends 3656 Followers 14 Follow
2026-09-08T05:15:27.224265+00:00,members,369,fline Groups (6) < > KEY 369 members anti-kostas 39 members k
2026-09-08T05:15:27.224265+00:00,members,39, 369 members anti-kostas 39 members kostas 77 members The 2T
2026-09-08T05:15:27.224265+00:00,members,77,kostas 39 members kostas 77 members The 2Toneverse 185 membe
2026-09-08T05:15:27.224265+00:00,members,185,7 members The 2Toneverse 185 members Mini Tower Mayhem! 44 me
2026-09-08T05:15:27.224265+00:00,members,44,"mbers Mini Tower Mayhem! 44 members Vortex 2,173 members Own"
2026-09-08T05:15:27.224265+00:00,members,2173,"ayhem! 44 members Vortex 2,173 members Owner Visits 112,639 Joi"
2026-09-08T05:15:27.224265+00:00,friends,3656,per Last seen 46m ago 36 Friends 3656 Followers 14 Following A
2026-09-08T05:15:27.224265+00:00,visits,112639,"rtex 2,173 members Owner Visits 112,639 Joined April 23, 2026 Wi"
2026-09-08T09:47:02.550856+00:00,friends,36,veloper Last seen 1h ago 36 Friends 3655 Followers 14 Follow
2026-09-08T09:47:02.550856+00:00,members,369,fline Groups (6) < > KEY 369 members anti-kostas 39 members k
2026-09-08T09:47:02.550856+00:00,members,39, 369 members anti-kostas 39 members kostas 77 members The 2T
2026-09-08T09:47:02.550856+00:00,members,77,kostas 39 members kostas 77 members The 2Toneverse 186 membe
2026-09-08T09:47:02.550856+00:00,members,186,7 members The 2Toneverse 186 members Mini Tower Mayhem! 44 me
2026-09-08T09:47:02.550856+00:00,members,44,"mbers Mini Tower Mayhem! 44 members Vortex 2,179 members Own"
2026-09-08T09:47:02.550856+00:00,members,2179,"ayhem! 44 members Vortex 2,179 members Owner Visits 112,672 Joi"
2026-09-08T09:47:02.550856+00:00,friends,3655,oper Last seen 1h ago 36 Friends 3655 Followers 14 Following A
2026-09-08T09:47:02.550856+00:00,visits,112672,"rtex 2,179 members Owner Visits 112,672 Joined April 23, 2026 Wi"
2026-09-08T14:07:39.702836+00:00,friends,36,veloper Last seen 5h ago 36 Friends 3655 Followers 14 Follow
2026-09-08T14:07:39.702836+00:00,members,369,fline Groups (6) < > KEY 369 members anti-kostas 39 members k
2026-09-08T14:07:39.702836+00:00,members,39, 369 members anti-kostas 39 members kostas 77 members The 2T
2026-09-08T14:07:39.702836+00:00,members,77,kostas 39 members kostas 77 members The 2Toneverse 186 membe
2026-09-08T14:07:39.702836+00:00,members,186,7 members The 2Toneverse 186 members Mini Tower Mayhem! 44 me
2026-09-08T14:07:39.702836+00:00,members,44,"mbers Mini Tower Mayhem! 44 members Vortex 2,183 members Own"
2026-09-08T14:07:39.702836+00:00,members,2183,"ayhem! 44 members Vortex 2,183 members Owner Visits 112,707 Joi"
2026-09-08T14:07:39.702836+00:00,friends,3655,oper Last seen 5h ago 36 Friends 3655 Followers 14 Following A
2026-09-08T14:07:39.702836+00:00,visits,112707,"rtex 2,183 members Owner Visits 112,707 Joined April 23, 2026 Wi"
2026-09-08T17:55:34.241983+00:00,friends,36,Sign In TheHaloDeveloper 36 Friends 3655 Followers 14 Follow
2026-09-08T17:55:34.241983+00:00,members,371,fline Groups (6) < > KEY 371 members anti-kostas 39 members k
2026-09-08T17:55:34.241983+00:00,members,39, 371 members anti-kostas 39 members kostas 77 members The 2T
2026-09-08T17:55:34.241983+00:00,members,77,kostas 39 members kostas 77 members The 2Toneverse 186 membe
2026-09-08T17:55:34.241983+00:00,members,186,7 members The 2Toneverse 186 members Mini Tower Mayhem! 44 me
2026-09-08T17:55:34.241983+00:00,members,44,"mbers Mini Tower Mayhem! 44 members Vortex 2,193 members Own"
2026-09-08T17:55:34.241983+00:00,members,2193,"ayhem! 44 members Vortex 2,193 members Owner Visits 112,749 Joi"
2026-09-08T17:55:34.241983+00:00,friends,3655,n In TheHaloDeveloper 36 Friends 3655 Followers 14 Following A
2026-09-08T17:55:34.241983+00:00,online,2, Friends (36) < > kostas Online 2Tone Offline Connor Offli
2026-09-08T17:55:34.241983+00:00,visits,112749,"rtex 2,193 members Owner Visits 112,749 Joined April 23, 2026 Wi"
2026-09-08T20:41:08.371244+00:00,friends,36,veloper Last seen 2h ago 36 Friends 3657 Followers 14 Follow
2026-09-08T20:41:08.371244+00:00,members,371,fline Groups (6) < > KEY 371 members anti-kostas 39 members k
2026-09-08T20:41:08.371244+00:00,members,39, 371 members anti-kostas 39 members kostas 78 members The 2T
2026-09-08T20:41:08.371244+00:00,members,78,kostas 39 members kostas 78 members The 2Toneverse 186 membe
2026-09-08T20:41:08.371244+00:00,members,186,8 members The 2Toneverse 186 members Mini Tower Mayhem! 44 me
2026-09-08T20:41:08.371244+00:00,members,44,"mbers Mini Tower Mayhem! 44 members Vortex 2,214 members Own"
2026-09-08T20:41:08.371244+00:00,members,2214,"ayhem! 44 members Vortex 2,214 members Owner Visits 112,918 Joi"
2026-09-08T20:41:08.371244+00:00,friends,3657,oper Last seen 2h ago 36 Friends 3657 Followers 14 Following A
2026-09-08T20:41:08.371244+00:00,visits,112918,"rtex 2,214 members Owner Visits 112,918 Joined April 23, 2026 Wi"
2026-09-08T22:59:07.586012+00:00,friends,36,veloper Last seen 8m ago 36 Friends 3658 Followers 14 Follow
2026-09-08T22:59:07.586012+00:00,members,371,fline Groups (6) < > KEY 371 members anti-kostas 40 members k
2026-09-08T22:59:07.586012+00:00,members,40, 371 members anti-kostas 40 members kostas 78 members The 2T
2026-09-08T22:59:07.586012+00:00,members,78,kostas 40 members kostas 78 members The 2Toneverse 186 membe
2026-09-08T22:59:07.586012+00:00,members,186,8 members The 2Toneverse 186 members Mini Tower Mayhem! 44 me
2026-09-08T22:59:07.586012+00:00,members,44,"mbers Mini Tower Mayhem! 44 members Vortex 2,221 members Own"
2026-09-08T22:59:07.586012+00:00,members,2221,"ayhem! 44 members Vortex 2,221 members Owner Visits 112,965 Joi"
2026-09-08T22:59:07.586012+00:00,friends,3658,oper Last seen 8m ago 36 Friends 3658 Followers 14 Following A
2026-09-08T22:59:07.586012+00:00,visits,112965,"rtex 2,221 members Owner Visits 112,965 Joined April 23, 2026 Wi"
2026-09-09T01:08:29.766231+00:00,friends,36,Sign In TheHaloDeveloper 36 Friends 3660 Followers 14 Follow
2026-09-09T01:08:29.766231+00:00,members,371,fline Groups (6) < > KEY 371 members anti-kostas 40 members k
2026-09-09T01:08:29.766231+00:00,members,40, 371 members anti-kostas 40 members kostas 78 members The 2T
2026-09-09T01:08:29.766231+00:00,members,78,kostas 40 members kostas 78 members The 2Toneverse 186 membe
2026-09-09T01:08:29.766231+00:00,members,186,8 members The 2Toneverse 186 members Mini Tower Mayhem! 44 me
2026-09-09T01:08:29.766231+00:00,members,44,"mbers Mini Tower Mayhem! 44 members Vortex 2,230 members Own"
2026-09-09T01:08:29.766231+00:00,members,2230,"ayhem! 44 members Vortex 2,230 members Owner Visits 112,990 Joi"
2026-09-09T01:08:29.766231+00:00,friends,3660,n In TheHaloDeveloper 36 Friends 3660 Followers 14 Following A
2026-09-09T01:08:29.766231+00:00,visits,112990,"rtex 2,230 members Owner Visits 112,990 Joined April 23, 2026 Wi"
2026-09-09T05:59:23.616513+00:00,friends,36,veloper Last seen 4h ago 36 Friends 3662 Followers 14 Follow
2026-09-09T05:59:23.616513+00:00,members,374,fline Groups (6) < > KEY 374 members anti-kostas 41 members k
2026-09-09T05:59:23.616513+00:00,members,41, 374 members anti-kostas 41 members kostas 78 members The 2T
2026-09-09T05:59:23.616513+00:00,members,78,kostas 41 members kostas 78 members The 2Toneverse 186 membe
2026-09-09T05:59:23.616513+00:00,members,186,8 members The 2Toneverse 186 members Mini Tower Mayhem! 44 me
2026-09-09T05:59:23.616513+00:00,members,44,"mbers Mini Tower Mayhem! 44 members Vortex 2,246 members Own"
2026-09-09T05:59:23.616513+00:00,members,2246,"ayhem! 44 members Vortex 2,246 members Owner Visits 113,016 Joi"
2026-09-09T05:59:23.616513+00:00,friends,3662,oper Last seen 4h ago 36 Friends 3662 Followers 14 Following A
2026-09-09T05:59:23.616513+00:00,visits,113016,"rtex 2,246 members Owner Visits 113,016 Joined April 23, 2026 Wi"
2026-09-09T11:07:58.338256+00:00,friends,36,veloper Last seen 2h ago 36 Friends 3663 Followers 14 Follow
2026-09-09T11:07:58.338256+00:00,members,374,fline Groups (6) < > KEY 374 members anti-kostas 41 members k
2026-09-09T11:07:58.338256+00:00,members,41, 374 members anti-kostas 41 members kostas 78 members The 2T
2026-09-09T11:07:58.338256+00:00,members,78,kostas 41 members kostas 78 members The 2Toneverse 186 membe
2026-09-09T11:07:58.338256+00:00,members,186,8 members The 2Toneverse 186 members Mini Tower Mayhem! 44 me
2026-09-09T11:07:58.338256+00:00,members,44,"mbers Mini Tower Mayhem! 44 members Vortex 2,258 members Own"
2026-09-09T11:07:58.338256+00:00,members,2258,"ayhem! 44 members Vortex 2,258 members Owner Visits 113,081 Joi"
2026-09-09T11:07:58.338256+00:00,friends,3663,oper Last seen 2h ago 36 Friends 3663 Followers 14 Following A
2026-09-09T11:07:58.338256+00:00,visits,113081,"rtex 2,258 members Owner Visits 113,081 Joined April 23, 2026 Wi"
2026-09-09T15:07:00.451089+00:00,friends,36,veloper Last seen 6h ago 36 Friends 3663 Followers 14 Follow
2026-09-09T15:07:00.451089+00:00,members,375,fline Groups (6) < > KEY 375 members anti-kostas 41 members k
2026-09-09T15:07:00.451089+00:00,members,41, 375 members anti-kostas 41 members kostas 78 members The 2T
2026-09-09T15:07:00.451089+00:00,members,78,kostas 41 members kostas 78 members The 2Toneverse 186 membe
2026-09-09T15:07:00.451089+00:00,members,186,8 members The 2Toneverse 186 members Mini Tower Mayhem! 44 me
2026-09-09T15:07:00.451089+00:00,members,44,"mbers Mini Tower Mayhem! 44 members Vortex 2,267 members Own"
2026-09-09T15:07:00.451089+00:00,members,2267,"ayhem! 44 members Vortex 2,267 members Owner Visits 113,117 Joi"
2026-09-09T15:07:00.451089+00:00,friends,3663,oper Last seen 6h ago 36 Friends 3663 Followers 14 Following A
2026-09-09T15:07:00.451089+00:00,online,2,nds (36) < > MiningRoger Online 2Tone Offline Connor Offli
2026-09-09T15:07:00.451089+00:00,visits,113117,"rtex 2,267 members Owner Visits 113,117 Joined April 23, 2026 Wi"
2026-09-09T18:35:54.931780+00:00,friends,36,eloper Last seen 28m ago 36 Friends 3663 Followers 14 Follow
2026-09-09T18:35:54.931780+00:00,members,375,fline Groups (6) < > KEY 375 members anti-kostas 41 members k
2026-09-09T18:35:54.931780+00:00,members,41, 375 members anti-kostas 41 members kostas 78 members The 2T
2026-09-09T18:35:54.931780+00:00,members,78,kostas 41 members kostas 78 members The 2Toneverse 186 membe
2026-09-09T18:35:54.931780+00:00,members,186,8 members The 2Toneverse 186 members Mini Tower Mayhem! 45 me
2026-09-09T18:35:54.931780+00:00,members,45,"mbers Mini Tower Mayhem! 45 members Vortex 2,274 members Own"
2026-09-09T18:35:54.931780+00:00,members,2274,"ayhem! 45 members Vortex 2,274 members Owner Visits 113,149 Joi"
2026-09-09T18:35:54.931780+00:00,friends,3663,per Last seen 28m ago 36 Friends 3663 Followers 14 Following A
2026-09-09T18:35:54.931780+00:00,visits,113149,"rtex 2,274 members Owner Visits 113,149 Joined April 23, 2026 Wi"
2026-09-09T21:11:51.025004+00:00,friends,36,veloper Last seen 3h ago 36 Friends 3663 Followers 14 Follow
2026-09-09T21:11:51.025004+00:00,members,377,fline Groups (6) < > KEY 377 members anti-kostas 41 members k
2026-09-09T21:11:51.025004+00:00,members,41, 377 members anti-kostas 41 members kostas 78 members The 2T
2026-09-09T21:11:51.025004+00:00,members,78,kostas 41 members kostas 78 members The 2Toneverse 186 membe
2026-09-09T21:11:51.025004+00:00,members,186,8 members The 2Toneverse 186 members Mini Tower Mayhem! 45 me
2026-09-09T21:11:51.025004+00:00,members,45,"mbers Mini Tower Mayhem! 45 members Vortex 2,282 members Own"
2026-09-09T21:11:51.025004+00:00,members,2282,"ayhem! 45 members Vortex 2,282 members Owner Visits 113,157 Joi"
2026-09-09T21:11:51.025004+00:00,friends,3663,oper Last seen 3h ago 36 Friends 3663 Followers 14 Following A
2026-09-09T21:11:51.025004+00:00,visits,113157,"rtex 2,282 members Owner Visits 113,157 Joined April 23, 2026 Wi"
2026-09-09T23:15:41.647691+00:00,friends,36,veloper Last seen 5h ago 36 Friends 3664 Followers 14 Follow
2026-09-09T23:15:41.647691+00:00,members,377,fline Groups (6) < > KEY 377 members anti-kostas 41 members k
2026-09-09T23:15:41.647691+00:00,members,41, 377 members anti-kostas 41 members kostas 78 members The 2T
2026-09-09T23:15:41.647691+00:00,members,78,kostas 41 members kostas 78 members The 2Toneverse 186 membe
2026-09-09T23:15:41.647691+00:00,members,186,8 members The 2Toneverse 186 members Mini Tower Mayhem! 45 me
2026-09-09T23:15:41.647691+00:00,members,45,"mbers Mini Tower Mayhem! 45 members Vortex 2,298 members Own"
2026-09-09T23:15:41.647691+00:00,members,2298,"ayhem! 45 members Vortex 2,298 members Owner Visits 113,178 Joi"
2026-09-09T23:15:41.647691+00:00,friends,3664,oper Last seen 5h ago 36 Friends 3664 Followers 14 Following A
2026-09-09T23:15:41.647691+00:00,visits,113178,"rtex 2,298 members Owner Visits 113,178 Joined April 23, 2026 Wi"
2026-09-10T01:08:33.781390+00:00,friends,36,eloper Last seen 19m ago 36 Friends 3665 Followers 14 Follow
2026-09-10T01:08:33.781390+00:00,members,377,fline Groups (6) < > KEY 377 members anti-kostas 41 members k
2026-09-10T01:08:33.781390+00:00,members,41, 377 members anti-kostas 41 members kostas 78 members The 2T
2026-09-10T01:08:33.781390+00:00,members,78,kostas 41 members kostas 78 members The 2Toneverse 186 membe
2026-09-10T01:08:33.781390+00:00,members,186,8 members The 2Toneverse 186 members Mini Tower Mayhem! 45 me
2026-09-10T01:08:33.781390+00:00,members,45,"mbers Mini Tower Mayhem! 45 members Vortex 2,302 members Own"
2026-09-10T01:08:33.781390+00:00,members,2302,"ayhem! 45 members Vortex 2,302 members Owner Visits 113,184 Joi"
2026-09-10T01:08:33.781390+00:00,friends,3665,per Last seen 19m ago 36 Friends 3665 Followers 14 Following A
2026-09-10T01:08:33.781390+00:00,visits,113184,"rtex 2,302 members Owner Visits 113,184 Joined April 23, 2026 Wi"
2026-09-10T05:58:31.245045+00:00,friends,36,veloper Last seen 7m ago 36 Friends 3668 Followers 14 Follow
2026-09-10T05:58:31.245045+00:00,members,381,fline Groups (6) < > KEY 381 members anti-kostas 41 members k
2026-09-10T05:58:31.245045+00:00,members,41, 381 members anti-kostas 41 members kostas 78 members The 2T
2026-09-10T05:58:31.245045+00:00,members,78,kostas 41 members kostas 78 members The 2Toneverse 186 membe
2026-09-10T05:58:31.245045+00:00,members,186,8 members The 2Toneverse 186 members Mini Tower Mayhem! 45 me
2026-09-10T05:58:31.245045+00:00,members,45,"mbers Mini Tower Mayhem! 45 members Vortex 2,316 members Own"
2026-09-10T05:58:31.245045+00:00,members,2316,"ayhem! 45 members Vortex 2,316 members Owner Visits 113,196 Joi"
2026-09-10T05:58:31.245045+00:00,friends,3668,oper Last seen 7m ago 36 Friends 3668 Followers 14 Following A
2026-09-10T05:58:31.245045+00:00,visits,113196,"rtex 2,316 members Owner Visits 113,196 Joined April 23, 2026 Wi"
2026-09-10T10:56:35.931629+00:00,friends,36,veloper Last seen 2h ago 36 Friends 3668 Followers 14 Follow
2026-09-10T10:56:35.931629+00:00,members,381,fline Groups (6) < > KEY 381 members anti-kostas 41 members k
2026-09-10T10:56:35.931629+00:00,members,41, 381 members anti-kostas 41 members kostas 78 members The 2T
2026-09-10T10:56:35.931629+00:00,members,78,kostas 41 members kostas 78 members The 2Toneverse 186 membe
2026-09-10T10:56:35.931629+00:00,members,186,8 members The 2Toneverse 186 members Mini Tower Mayhem! 45 me
2026-09-10T10:56:35.931629+00:00,members,45,"mbers Mini Tower Mayhem! 45 members Vortex 2,322 members Own"
2026-09-10T10:56:35.931629+00:00,members,2322,"ayhem! 45 members Vortex 2,322 members Owner Visits 113,210 Joi"
2026-09-10T10:56:35.931629+00:00,friends,3668,oper Last seen 2h ago 36 Friends 3668 Followers 14 Following A
2026-09-10T10:56:35.931629+00:00,visits,113210,"rtex 2,322 members Owner Visits 113,210 Joined April 23, 2026 Wi"
2026-09-10T14:50:46.449391+00:00,friends,36,veloper Last seen 6h ago 36 Friends 3668 Followers 14 Follow
2026-09-10T14:50:46.449391+00:00,members,383,fline Groups (6) < > KEY 383 members anti-kostas 42 members k
2026-09-10T14:50:46.449391+00:00,members,42, 383 members anti-kostas 42 members kostas 79 members The 2T
2026-09-10T14:50:46.449391+00:00,members,79,kostas 42 members kostas 79 members The 2Toneverse 187 membe
2026-09-10T14:50:46.449391+00:00,members,187,9 members The 2Toneverse 187 members Mini Tower Mayhem! 46 me
2026-09-10T14:50:46.449391+00:00,members,46,"mbers Mini Tower Mayhem! 46 members Vortex 2,336 members Own"
2026-09-10T14:50:46.449391+00:00,members,2336,"ayhem! 46 members Vortex 2,336 members Owner Visits 113,246 Joi"
2026-09-10T14:50:46.449391+00:00,friends,3668,oper Last seen 6h ago 36 Friends 3668 Followers 14 Following A
2026-09-10T14:50:46.449391+00:00,visits,113246,"rtex 2,336 members Owner Visits 113,246 Joined April 23, 2026 Wi"
2026-09-10T18:03:31.048403+00:00,friends,36,veloper Last seen 2h ago 36 Friends 3669 Followers 14 Follow
2026-09-10T18:03:31.048403+00:00,members,385,fline Groups (6) < > KEY 385 members anti-kostas 42 members k
2026-09-10T18:03:31.048403+00:00,members,42, 385 members anti-kostas 42 members kostas 80 members The 2T
2026-09-10T18:03:31.048403+00:00,members,80,kostas 42 members kostas 80 members The 2Toneverse 188 membe
2026-09-10T18:03:31.048403+00:00,members,188,0 members The 2Toneverse 188 members Mini Tower Mayhem! 46 me
2026-09-10T18:03:31.048403+00:00,members,46,"mbers Mini Tower Mayhem! 46 members Vortex 2,345 members Own"
2026-09-10T18:03:31.048403+00:00,members,2345,"ayhem! 46 members Vortex 2,345 members Owner Visits 113,273 Joi"
2026-09-10T18:03:31.048403+00:00,friends,3669,oper Last seen 2h ago 36 Friends 3669 Followers 14 Following A
2026-09-10T18:03:31.048403+00:00,visits,113273,"rtex 2,345 members Owner Visits 113,273 Joined April 23, 2026 Wi"
2026-09-10T20:53:05.887484+00:00,friends,36,veloper Last seen 5h ago 36 Friends 3671 Followers 14 Follow
2026-09-10T20:53:05.887484+00:00,members,385,fline Groups (6) < > KEY 385 members anti-kostas 42 members k
2026-09-10T20:53:05.887484+00:00,members,42, 385 members anti-kostas 42 members kostas 81 members The 2T
2026-09-10T20:53:05.887484+00:00,members,81,kostas 42 members kostas 81 members The 2Toneverse 188 membe
2026-09-10T20:53:05.887484+00:00,members,188,1 members The 2Toneverse 188 members Mini Tower Mayhem! 46 me
2026-09-10T20:53:05.887484+00:00,members,46,"mbers Mini Tower Mayhem! 46 members Vortex 2,354 members Own"
2026-09-10T20:53:05.887484+00:00,members,2354,"ayhem! 46 members Vortex 2,354 members Owner Visits 113,330 Joi"
2026-09-10T20:53:05.887484+00:00,friends,3671,oper Last seen 5h ago 36 Friends 3671 Followers 14 Following A
2026-09-10T20:53:05.887484+00:00,visits,113330,"rtex 2,354 members Owner Visits 113,330 Joined April 23, 2026 Wi"
2026-09-10T22:55:45.572441+00:00,friends,36,veloper Last seen 7h ago 36 Friends 3672 Followers 14 Follow
2026-09-10T22:55:45.572441+00:00,members,385,fline Groups (6) < > KEY 385 members anti-kostas 42 members k
2026-09-10T22:55:45.572441+00:00,members,42, 385 members anti-kostas 42 members kostas 81 members The 2T
2026-09-10T22:55:45.572441+00:00,members,81,kostas 42 members kostas 81 members The 2Toneverse 189 membe
2026-09-10T22:55:45.572441+00:00,members,189,1 members The 2Toneverse 189 members Mini Tower Mayhem! 46 me
2026-09-10T22:55:45.572441+00:00,members,46,"mbers Mini Tower Mayhem! 46 members Vortex 2,361 members Own"
2026-09-10T22:55:45.572441+00:00,members,2361,"ayhem! 46 members Vortex 2,361 members Owner Visits 113,369 Joi"
2026-09-10T22:55:45.572441+00:00,friends,3672,oper Last seen 7h ago 36 Friends 3672 Followers 14 Following A
2026-09-10T22:55:45.572441+00:00,visits,113369,"rtex 2,361 members Owner Visits 113,369 Joined April 23, 2026 Wi"
2026-09-11T00:49:24.413874+00:00,friends,36,eloper Last seen 21m ago 36 Friends 3672 Followers 14 Follow
2026-09-11T00:49:24.413874+00:00,members,13,fline Groups (7) < > jae 13 members KEY 386 members anti-kos
2026-09-11T00:49:24.413874+00:00,members,386,) < > jae 13 members KEY 386 members anti-kostas 43 members k
2026-09-11T00:49:24.413874+00:00,members,43, 386 members anti-kostas 43 members kostas 82 members The 2T
2026-09-11T00:49:24.413874+00:00,members,82,kostas 43 members kostas 82 members The 2Toneverse 190 membe
2026-09-11T00:49:24.413874+00:00,members,190,2 members The 2Toneverse 190 members Mini Tower Mayhem! 47 me
2026-09-11T00:49:24.413874+00:00,members,47,"mbers Mini Tower Mayhem! 47 members Vortex 2,364 members Own"
2026-09-11T00:49:24.413874+00:00,members,2364,"ayhem! 47 members Vortex 2,364 members Owner Visits 113,383 Joi"
2026-09-11T00:49:24.413874+00:00,friends,3672,per Last seen 21m ago 36 Friends 3672 Followers 14 Following A
2026-09-11T00:49:24.413874+00:00,visits,113383,"rtex 2,364 members Owner Visits 113,383 Joined April 23, 2026 Wi"
2026-09-11T05:36:16.703785+00:00,friends,36,veloper Last seen 5h ago 36 Friends 3674 Followers 14 Follow
2026-09-11T05:36:16.703785+00:00,members,13,fline Groups (7) < > jae 13 members KEY 385 members anti-kos
2026-09-11T05:36:16.703785+00:00,members,385,) < > jae 13 members KEY 385 members anti-kostas 42 members k
2026-09-11T05:36:16.703785+00:00,members,42, 385 members anti-kostas 42 members kostas 81 members The 2T
2026-09-11T05:36:16.703785+00:00,members,81,kostas 42 members kostas 81 members The 2Toneverse 189 membe
2026-09-11T05:36:16.703785+00:00,members,189,1 members The 2Toneverse 189 members Mini Tower Mayhem! 46 me
2026-09-11T05:36:16.703785+00:00,members,46,"mbers Mini Tower Mayhem! 46 members Vortex 2,370 members Own"
2026-09-11T05:36:16.703785+00:00,members,2370,"ayhem! 46 members Vortex 2,370 members Owner Visits 113,407 Joi"
2026-09-11T05:36:16.703785+00:00,friends,3674,oper Last seen 5h ago 36 Friends 3674 Followers 14 Following A
2026-09-11T05:36:16.703785+00:00,visits,113407,"rtex 2,370 members Owner Visits 113,407 Joined April 23, 2026 Wi"
2026-09-11T10:01:18.116342+00:00,friends,36,veloper Last seen 1h ago 36 Friends 3677 Followers 14 Follow
2026-09-11T10:01:18.116342+00:00,members,13,fline Groups (7) < > jae 13 members KEY 385 members anti-kos
2026-09-11T10:01:18.116342+00:00,members,385,) < > jae 13 members KEY 385 members anti-kostas 42 members k
2026-09-11T10:01:18.116342+00:00,members,42, 385 members anti-kostas 42 members kostas 81 members The 2T
2026-09-11T10:01:18.116342+00:00,members,81,kostas 42 members kostas 81 members The 2Toneverse 190 membe
2026-09-11T10:01:18.116342+00:00,members,190,1 members The 2Toneverse 190 members Mini Tower Mayhem! 46 me
2026-09-11T10:01:18.116342+00:00,members,46,"mbers Mini Tower Mayhem! 46 members Vortex 2,380 members Own"
2026-09-11T10:01:18.116342+00:00,members,2380,"ayhem! 46 members Vortex 2,380 members Owner Visits 113,421 Joi"
2026-09-11T10:01:18.116342+00:00,friends,3677,oper Last seen 1h ago 36 Friends 3677 Followers 14 Following A
2026-09-11T10:01:18.116342+00:00,online,2,iningRoger In Studio enk Online 2Tone Offline Connor Offli
2026-09-11T10:01:18.116342+00:00,visits,113421,"rtex 2,380 members Owner Visits 113,421 Joined April 23, 2026 Wi"
2026-09-11T14:26:16.238111+00:00,friends,36,veloper Last seen 5h ago 36 Friends 3679 Followers 14 Follow
2026-09-11T14:26:16.238111+00:00,members,13,fline Groups (7) < > jae 13 members KEY 388 members anti-kos
2026-09-11T14:26:16.238111+00:00,members,388,) < > jae 13 members KEY 388 members anti-kostas 42 members k
2026-09-11T14:26:16.238111+00:00,members,42, 388 members anti-kostas 42 members kostas 81 members The 2T
2026-09-11T14:26:16.238111+00:00,members,81,kostas 42 members kostas 81 members The 2Toneverse 191 membe
2026-09-11T14:26:16.238111+00:00,members,191,1 members The 2Toneverse 191 members Mini Tower Mayhem! 46 me
2026-09-11T14:26:16.238111+00:00,members,46,"mbers Mini Tower Mayhem! 46 members Vortex 2,392 members Own"
2026-09-11T14:26:16.238111+00:00,members,2392,"ayhem! 46 members Vortex 2,392 members Owner Visits 113,474 Joi"
2026-09-11T14:26:16.238111+00:00,friends,3679,oper Last seen 5h ago 36 Friends 3679 Followers 14 Following A
2026-09-11T14:26:16.238111+00:00,visits,113474,"rtex 2,392 members Owner Visits 113,474 Joined April 23, 2026 Wi"
2026-09-11T17:49:40.058899+00:00,friends,36,veloper Last seen 8h ago 36 Friends 3680 Followers 14 Follow
2026-09-11T17:49:40.058899+00:00,members,13,fline Groups (7) < > jae 13 members KEY 389 members anti-kos
2026-09-11T17:49:40.058899+00:00,members,389,) < > jae 13 members KEY 389 members anti-kostas 42 members k
2026-09-11T17:49:40.058899+00:00,members,42, 389 members anti-kostas 42 members kostas 81 members The 2T
2026-09-11T17:49:40.058899+00:00,members,81,kostas 42 members kostas 81 members The 2Toneverse 192 membe
2026-09-11T17:49:40.058899+00:00,members,192,1 members The 2Toneverse 192 members Mini Tower Mayhem! 46 me
2026-09-11T17:49:40.058899+00:00,members,46,"mbers Mini Tower Mayhem! 46 members Vortex 2,399 members Own"
2026-09-11T17:49:40.058899+00:00,members,2399,"ayhem! 46 members Vortex 2,399 members Owner Visits 113,506 Joi"
2026-09-11T17:49:40.058899+00:00,friends,3680,oper Last seen 8h ago 36 Friends 3680 Followers 14 Following A
2026-09-11T17:49:40.058899+00:00,visits,113506,"rtex 2,399 members Owner Visits 113,506 Joined April 23, 2026 Wi"
2026-09-11T20:24:38.712153+00:00,friends,36,veloper Last seen 1h ago 36 Friends 3683 Followers 14 Follow
2026-09-11T20:24:38.712153+00:00,members,13,fline Groups (7) < > jae 13 members KEY 389 members anti-kos
2026-09-11T20:24:38.712153+00:00,members,389,) < > jae 13 members KEY 389 members anti-kostas 42 members k
2026-09-11T20:24:38.712153+00:00,members,42, 389 members anti-kostas 42 members kostas 81 members The 2T
2026-09-11T20:24:38.712153+00:00,members,81,kostas 42 members kostas 81 members The 2Toneverse 192 membe
2026-09-11T20:24:38.712153+00:00,members,192,1 members The 2Toneverse 192 members Mini Tower Mayhem! 46 me
2026-09-11T20:24:38.712153+00:00,members,46,"mbers Mini Tower Mayhem! 46 members Vortex 2,413 members Own"
2026-09-11T20:24:38.712153+00:00,members,2413,"ayhem! 46 members Vortex 2,413 members Owner Visits 113,525 Joi"
2026-09-11T20:24:38.712153+00:00,friends,3683,oper Last seen 1h ago 36 Friends 3683 Followers 14 Following A
2026-09-11T20:24:38.712153+00:00,visits,113525,"rtex 2,413 members Owner Visits 113,525 Joined April 23, 2026 Wi"
2026-09-11T22:43:12.228431+00:00,friends,36,eloper Last seen 11m ago 36 Friends 3683 Followers 14 Follow
2026-09-11T22:43:12.228431+00:00,members,13,fline Groups (7) < > jae 13 members KEY 389 members anti-kos
2026-09-11T22:43:12.228431+00:00,members,389,) < > jae 13 members KEY 389 members anti-kostas 42 members k
2026-09-11T22:43:12.228431+00:00,members,42, 389 members anti-kostas 42 members kostas 81 members The 2T
2026-09-11T22:43:12.228431+00:00,members,81,kostas 42 members kostas 81 members The 2Toneverse 193 membe
2026-09-11T22:43:12.228431+00:00,members,193,1 members The 2Toneverse 193 members Mini Tower Mayhem! 46 me
2026-09-11T22:43:12.228431+00:00,members,46,"mbers Mini Tower Mayhem! 46 members Vortex 2,422 members Own"
2026-09-11T22:43:12.228431+00:00,members,2422,"ayhem! 46 members Vortex 2,422 members Owner Visits 113,541 Joi"
2026-09-11T22:43:12.228431+00:00,friends,3683,per Last seen 11m ago 36 Friends 3683 Followers 14 Following A
2026-09-11T22:43:12.228431+00:00,online,2, :) Friends (36) < > yea Online 2Tone Offline Connor Offli
2026-09-11T22:43:12.228431+00:00,visits,113541,"rtex 2,422 members Owner Visits 113,541 Joined April 23, 2026 Wi"
2026-09-12T00:41:21.505007+00:00,friends,36,veloper Last seen 1h ago 36 Friends 3684 Followers 14 Follow
2026-09-12T00:41:21.505007+00:00,members,13,fline Groups (7) < > jae 13 members KEY 390 members anti-kos
2026-09-12T00:41:21.505007+00:00,members,390,) < > jae 13 members KEY 390 members anti-kostas 42 members k
2026-09-12T00:41:21.505007+00:00,members,42, 390 members anti-kostas 42 members kostas 83 members The 2T
2026-09-12T00:41:21.505007+00:00,members,83,kostas 42 members kostas 83 members The 2Toneverse 194 membe
2026-09-12T00:41:21.505007+00:00,members,194,3 members The 2Toneverse 194 members Mini Tower Mayhem! 46 me
2026-09-12T00:41:21.505007+00:00,members,46,"mbers Mini Tower Mayhem! 46 members Vortex 2,428 members Own"
2026-09-12T00:41:21.505007+00:00,members,2428,"ayhem! 46 members Vortex 2,428 members Owner Visits 113,563 Joi"
2026-09-12T00:41:21.505007+00:00,friends,3684,oper Last seen 1h ago 36 Friends 3684 Followers 14 Following A
2026-09-12T00:41:21.505007+00:00,visits,113563,"rtex 2,428 members Owner Visits 113,563 Joined April 23, 2026 Wi"
2026-09-12T05:05:22.353326+00:00,friends,36,veloper Last seen 3h ago 36 Friends 3684 Followers 14 Follow
2026-09-12T05:05:22.353326+00:00,members,13,fline Groups (7) < > jae 13 members KEY 394 members anti-kos
2026-09-12T05:05:22.353326+00:00,members,394,) < > jae 13 members KEY 394 members anti-kostas 42 members k
2026-09-12T05:05:22.353326+00:00,members,42, 394 members anti-kostas 42 members kostas 84 members The 2T
2026-09-12T05:05:22.353326+00:00,members,84,kostas 42 members kostas 84 members The 2Toneverse 195 membe
2026-09-12T05:05:22.353326+00:00,members,195,4 members The 2Toneverse 195 members Mini Tower Mayhem! 46 me
2026-09-12T05:05:22.353326+00:00,members,46,"mbers Mini Tower Mayhem! 46 members Vortex 2,442 members Own"
2026-09-12T05:05:22.353326+00:00,members,2442,"ayhem! 46 members Vortex 2,442 members Owner Visits 113,587 Joi"
2026-09-12T05:05:22.353326+00:00,friends,3684,oper Last seen 3h ago 36 Friends 3684 Followers 14 Following A
2026-09-12T05:05:22.353326+00:00,visits,113587,"rtex 2,442 members Owner Visits 113,587 Joined April 23, 2026 Wi"
2026-09-12T09:21:22.295007+00:00,friends,36,veloper Last seen 7h ago 36 Friends 3684 Followers 14 Follow
2026-09-12T09:21:22.295007+00:00,members,13,fline Groups (7) < > jae 13 members KEY 397 members anti-kos
2026-09-12T09:21:22.295007+00:00,members,397,) < > jae 13 members KEY 397 members anti-kostas 42 members k
2026-09-12T09:21:22.295007+00:00,members,42, 397 members anti-kostas 42 members kostas 84 members The 2T
2026-09-12T09:21:22.295007+00:00,members,84,kostas 42 members kostas 84 members The 2Toneverse 195 membe
2026-09-12T09:21:22.295007+00:00,members,195,4 members The 2Toneverse 195 members Mini Tower Mayhem! 46 me
2026-09-12T09:21:22.295007+00:00,members,46,"mbers Mini Tower Mayhem! 46 members Vortex 2,450 members Own"
2026-09-12T09:21:22.295007+00:00,members,2450,"ayhem! 46 members Vortex 2,450 members Owner Visits 113,616 Joi"
2026-09-12T09:21:22.295007+00:00,friends,3684,oper Last seen 7h ago 36 Friends 3684 Followers 14 Following A
2026-09-12T09:21:22.295007+00:00,visits,113616,"rtex 2,450 members Owner Visits 113,616 Joined April 23, 2026 Wi"
2026-09-12T12:59:48.172865+00:00,friends,36,veloper Last seen 1h ago 36 Friends 3685 Followers 14 Follow
2026-09-12T12:59:48.172865+00:00,members,13,fline Groups (7) < > jae 13 members KEY 397 members anti-kos
2026-09-12T12:59:48.172865+00:00,members,397,) < > jae 13 members KEY 397 members anti-kostas 42 members k
2026-09-12T12:59:48.172865+00:00,members,42, 397 members anti-kostas 42 members kostas 84 members The 2T
2026-09-12T12:59:48.172865+00:00,members,84,kostas 42 members kostas 84 members The 2Toneverse 195 membe
2026-09-12T12:59:48.172865+00:00,members,195,4 members The 2Toneverse 195 members Mini Tower Mayhem! 46 me
2026-09-12T12:59:48.172865+00:00,members,46,"mbers Mini Tower Mayhem! 46 members Vortex 2,458 members Own"
2026-09-12T12:59:48.172865+00:00,members,2458,"ayhem! 46 members Vortex 2,458 members Owner Visits 113,644 Joi"
2026-09-12T12:59:48.172865+00:00,friends,3685,oper Last seen 1h ago 36 Friends 3685 Followers 14 Following A
2026-09-12T12:59:48.172865+00:00,visits,113644,"rtex 2,458 members Owner Visits 113,644 Joined April 23, 2026 Wi"
2026-09-12T16:10:40.118416+00:00,friends,36,loper Last seen just now 36 Friends 3689 Followers 14 Follow
2026-09-12T16:10:40.118416+00:00,members,13,fline Groups (7) < > jae 13 members KEY 398 members anti-kos
2026-09-12T16:10:40.118416+00:00,members,398,) < > jae 13 members KEY 398 members anti-kostas 42 members k
2026-09-12T16:10:40.118416+00:00,members,42, 398 members anti-kostas 42 members kostas 84 members The 2T
2026-09-12T16:10:40.118416+00:00,members,84,kostas 42 members kostas 84 members The 2Toneverse 195 membe
2026-09-12T16:10:40.118416+00:00,members,195,4 members The 2Toneverse 195 members Mini Tower Mayhem! 46 me
2026-09-12T16:10:40.118416+00:00,members,46,"mbers Mini Tower Mayhem! 46 members Vortex 2,470 members Own"
2026-09-12T16:10:40.118416+00:00,members,2470,"ayhem! 46 members Vortex 2,470 members Owner Visits 113,694 Joi"
2026-09-12T16:10:40.118416+00:00,friends,3689,er Last seen just now 36 Friends 3689 Followers 14 Following A
2026-09-12T16:10:40.118416+00:00,visits,113694,"rtex 2,470 members Owner Visits 113,694 Joined April 23, 2026 Wi"
2026-09-12T18:22:58.948292+00:00,friends,36,eloper Last seen 46m ago 36 Friends 3692 Followers 14 Follow
2026-09-12T18:22:58.948292+00:00,members,13,fline Groups (7) < > jae 13 members KEY 398 members anti-kos
2026-09-12T18:22:58.948292+00:00,members,398,) < > jae 13 members KEY 398 members anti-kostas 42 members k
2026-09-12T18:22:58.948292+00:00,members,42, 398 members anti-kostas 42 members kostas 84 members The 2T
2026-09-12T18:22:58.948292+00:00,members,84,kostas 42 members kostas 84 members The 2Toneverse 195 membe
2026-09-12T18:22:58.948292+00:00,members,195,4 members The 2Toneverse 195 members Mini Tower Mayhem! 46 me
2026-09-12T18:22:58.948292+00:00,members,46,"mbers Mini Tower Mayhem! 46 members Vortex 2,485 members Own"
2026-09-12T18:22:58.948292+00:00,members,2485,"ayhem! 46 members Vortex 2,485 members Owner Visits 113,722 Joi"
2026-09-12T18:22:58.948292+00:00,friends,3692,per Last seen 46m ago 36 Friends 3692 Followers 14 Following A
2026-09-12T18:22:58.948292+00:00,visits,113722,"rtex 2,485 members Owner Visits 113,722 Joined April 23, 2026 Wi"
2026-09-12T20:46:49.161754+00:00,friends,36,veloper Last seen 1h ago 36 Friends 3693 Followers 14 Follow
2026-09-12T20:46:49.161754+00:00,members,13,fline Groups (7) < > jae 13 members KEY 398 members anti-kos
2026-09-12T20:46:49.161754+00:00,members,398,) < > jae 13 members KEY 398 members anti-kostas 42 members k
2026-09-12T20:46:49.161754+00:00,members,42, 398 members anti-kostas 42 members kostas 84 members The 2T
2026-09-12T20:46:49.161754+00:00,members,84,kostas 42 members kostas 84 members The 2Toneverse 195 membe
2026-09-12T20:46:49.161754+00:00,members,195,4 members The 2Toneverse 195 members Mini Tower Mayhem! 46 me
2026-09-12T20:46:49.161754+00:00,members,46,"mbers Mini Tower Mayhem! 46 members Vortex 2,491 members Own"
2026-09-12T20:46:49.161754+00:00,members,2491,"ayhem! 46 members Vortex 2,491 members Owner Visits 113,821 Joi"
2026-09-12T20:46:49.161754+00:00,friends,3693,oper Last seen 1h ago 36 Friends 3693 Followers 14 Following A
2026-09-12T20:46:49.161754+00:00,visits,113821,"rtex 2,491 members Owner Visits 113,821 Joined April 23, 2026 Wi"
2026-09-12T22:49:11.197824+00:00,friends,37,veloper Last seen 7m ago 37 Friends 3693 Followers 14 Follow
2026-09-12T22:49:11.197824+00:00,members,13,fline Groups (7) < > jae 13 members KEY 399 members anti-kos
2026-09-12T22:49:11.197824+00:00,members,399,) < > jae 13 members KEY 399 members anti-kostas 42 members k
2026-09-12T22:49:11.197824+00:00,members,42, 399 members anti-kostas 42 members kostas 84 members The 2T
2026-09-12T22:49:11.197824+00:00,members,84,kostas 42 members kostas 84 members The 2Toneverse 195 membe
2026-09-12T22:49:11.197824+00:00,members,195,4 members The 2Toneverse 195 members Mini Tower Mayhem! 47 me
2026-09-12T22:49:11.197824+00:00,members,47,"mbers Mini Tower Mayhem! 47 members Vortex 2,494 members Own"
2026-09-12T22:49:11.197824+00:00,members,2494,"ayhem! 47 members Vortex 2,494 members Owner Visits 113,902 Joi"
2026-09-12T22:49:11.197824+00:00,friends,3693,oper Last seen 7m ago 37 Friends 3693 Followers 14 Following A
2026-09-12T22:49:11.197824+00:00,online,2,Studio Ed776 In Game enk Online 2Tone Offline Connor Offli
2026-09-12T22:49:11.197824+00:00,visits,113902,"rtex 2,494 members Owner Visits 113,902 Joined April 23, 2026 Wi"
2026-09-13T00:36:02.019726+00:00,friends,37,veloper Last seen 1h ago 37 Friends 3692 Followers 14 Follow
2026-09-13T00:36:02.019726+00:00,members,13,fline Groups (7) < > jae 13 members KEY 400 members anti-kos
2026-09-13T00:36:02.019726+00:00,members,400,) < > jae 13 members KEY 400 members anti-kostas 42 members k
2026-09-13T00:36:02.019726+00:00,members,42, 400 members anti-kostas 42 members kostas 85 members The 2T
2026-09-13T00:36:02.019726+00:00,members,85,kostas 42 members kostas 85 members The 2Toneverse 195 membe
2026-09-13T00:36:02.019726+00:00,members,195,5 members The 2Toneverse 195 members Mini Tower Mayhem! 47 me
2026-09-13T00:36:02.019726+00:00,members,47,"mbers Mini Tower Mayhem! 47 members Vortex 2,500 members Own"
2026-09-13T00:36:02.019726+00:00,members,2500,"ayhem! 47 members Vortex 2,500 members Owner Visits 113,922 Joi"
2026-09-13T00:36:02.019726+00:00,friends,3692,oper Last seen 1h ago 37 Friends 3692 Followers 14 Following A
2026-09-13T00:36:02.019726+00:00,visits,113922,"rtex 2,500 members Owner Visits 113,922 Joined April 23, 2026 Wi"
2026-09-13T05:23:00.818344+00:00,friends,37,veloper Last seen 6h ago 37 Friends 3694 Followers 14 Follow
2026-09-13T05:23:00.818344+00:00,members,13,fline Groups (7) < > jae 13 members KEY 400 members anti-kos
2026-09-13T05:23:00.818344+00:00,members,400,) < > jae 13 members KEY 400 members anti-kostas 42 members k
2026-09-13T05:23:00.818344+00:00,members,42, 400 members anti-kostas 42 members kostas 85 members The 2T
2026-09-13T05:23:00.818344+00:00,members,85,kostas 42 members kostas 85 members The 2Toneverse 195 membe
2026-09-13T05:23:00.818344+00:00,members,195,5 members The 2Toneverse 195 members Mini Tower Mayhem! 47 me
2026-09-13T05:23:00.818344+00:00,members,47,"mbers Mini Tower Mayhem! 47 members Vortex 2,504 members Own"
2026-09-13T05:23:00.818344+00:00,members,2504,"ayhem! 47 members Vortex 2,504 members Owner Visits 113,948 Joi"
2026-09-13T05:23:00.818344+00:00,friends,3694,oper Last seen 6h ago 37 Friends 3694 Followers 14 Following A
2026-09-13T05:23:00.818344+00:00,online,2, Friends (37) < > Gaming Online 2Tone Offline Connor Offli
2026-09-13T05:23:00.818344+00:00,visits,113948,"rtex 2,504 members Owner Visits 113,948 Joined April 23, 2026 Wi"
2026-09-13T10:28:34.301668+00:00,friends,37,veloper Last seen 1h ago 37 Friends 3705 Followers 14 Follow
2026-09-13T10:28:34.301668+00:00,members,13,fline Groups (7) < > jae 13 members KEY 400 members anti-kos
2026-09-13T10:28:34.301668+00:00,members,400,) < > jae 13 members KEY 400 members anti-kostas 42 members k
2026-09-13T10:28:34.301668+00:00,members,42, 400 members anti-kostas 42 members kostas 85 members The 2T
2026-09-13T10:28:34.301668+00:00,members,85,kostas 42 members kostas 85 members The 2Toneverse 196 membe
2026-09-13T10:28:34.301668+00:00,members,196,5 members The 2Toneverse 196 members Mini Tower Mayhem! 47 me
2026-09-13T10:28:34.301668+00:00,members,47,"mbers Mini Tower Mayhem! 47 members Vortex 2,514 members Own"
2026-09-13T10:28:34.301668+00:00,members,2514,"ayhem! 47 members Vortex 2,514 members Owner Visits 113,989 Joi"
2026-09-13T10:28:34.301668+00:00,friends,3705,oper Last seen 1h ago 37 Friends 3705 Followers 14 Following A
2026-09-13T10:28:34.301668+00:00,visits,113989,"rtex 2,514 members Owner Visits 113,989 Joined April 23, 2026 Wi"
2026-09-13T14:36:27.124313+00:00,friends,37,veloper Last seen 5h ago 37 Friends 3706 Followers 14 Follow
2026-09-13T14:36:27.124313+00:00,members,13,fline Groups (7) < > jae 13 members KEY 400 members anti-kos
2026-09-13T14:36:27.124313+00:00,members,400,) < > jae 13 members KEY 400 members anti-kostas 42 members k
2026-09-13T14:36:27.124313+00:00,members,42, 400 members anti-kostas 42 members kostas 86 members The 2T
2026-09-13T14:36:27.124313+00:00,members,86,kostas 42 members kostas 86 members The 2Toneverse 196 membe
2026-09-13T14:36:27.124313+00:00,members,196,6 members The 2Toneverse 196 members Mini Tower Mayhem! 48 me
2026-09-13T14:36:27.124313+00:00,members,48,"mbers Mini Tower Mayhem! 48 members Vortex 2,531 members Own"
2026-09-13T14:36:27.124313+00:00,members,2531,"ayhem! 48 members Vortex 2,531 members Owner Visits 114,018 Joi"
2026-09-13T14:36:27.124313+00:00,friends,3706,oper Last seen 5h ago 37 Friends 3706 Followers 14 Following A
2026-09-13T14:36:27.124313+00:00,visits,114018,"rtex 2,531 members Owner Visits 114,018 Joined April 23, 2026 Wi"
2026-09-13T17:40:37.767520+00:00,friends,37,veloper Last seen 8h ago 37 Friends 3707 Followers 14 Follow
2026-09-13T17:40:37.767520+00:00,members,13,fline Groups (7) < > jae 13 members KEY 401 members anti-kos
2026-09-13T17:40:37.767520+00:00,members,401,) < > jae 13 members KEY 401 members anti-kostas 42 members k
2026-09-13T17:40:37.767520+00:00,members,42, 401 members anti-kostas 42 members kostas 86 members The 2T
2026-09-13T17:40:37.767520+00:00,members,86,kostas 42 members kostas 86 members The 2Toneverse 196 membe
2026-09-13T17:40:37.767520+00:00,members,196,6 members The 2Toneverse 196 members Mini Tower Mayhem! 48 me
2026-09-13T17:40:37.767520+00:00,members,48,"mbers Mini Tower Mayhem! 48 members Vortex 2,543 members Own"
2026-09-13T17:40:37.767520+00:00,members,2543,"ayhem! 48 members Vortex 2,543 members Owner Visits 114,049 Joi"
2026-09-13T17:40:37.767520+00:00,friends,3707,oper Last seen 8h ago 37 Friends 3707 Followers 14 Following A
2026-09-13T17:40:37.767520+00:00,online,2,j In Studio QuintupleOne Online 2Tone Offline Connor Offli
2026-09-13T17:40:37.767520+00:00,visits,114049,"rtex 2,543 members Owner Visits 114,049 Joined April 23, 2026 Wi"
2026-09-13T19:49:08.972779+00:00,friends,37,eloper Last seen 10h ago 37 Friends 3707 Followers 14 Follow
2026-09-13T19:49:08.972779+00:00,members,13,fline Groups (7) < > jae 13 members KEY 403 members anti-kos
2026-09-13T19:49:08.972779+00:00,members,403,) < > jae 13 members KEY 403 members anti-kostas 42 members k
2026-09-13T19:49:08.972779+00:00,members,42, 403 members anti-kostas 42 members kostas 86 members The 2T
2026-09-13T19:49:08.972779+00:00,members,86,kostas 42 members kostas 86 members The 2Toneverse 196 membe
2026-09-13T19:49:08.972779+00:00,members,196,6 members The 2Toneverse 196 members Mini Tower Mayhem! 48 me
2026-09-13T19:49:08.972779+00:00,members,48,"mbers Mini Tower Mayhem! 48 members Vortex 2,550 members Own"
2026-09-13T19:49:08.972779+00:00,members,2550,"ayhem! 48 members Vortex 2,550 members Owner Visits 114,057 Joi"
2026-09-13T19:49:08.972779+00:00,friends,3707,per Last seen 10h ago 37 Friends 3707 Followers 14 Following A
2026-09-13T19:49:08.972779+00:00,visits,114057,"rtex 2,550 members Owner Visits 114,057 Joined April 23, 2026 Wi"
2026-09-13T22:05:08.896259+00:00,friends,37,eloper Last seen 13h ago 37 Friends 3708 Followers 14 Follow
2026-09-13T22:05:08.896259+00:00,members,13,fline Groups (7) < > jae 13 members KEY 403 members anti-kos
2026-09-13T22:05:08.896259+00:00,members,403,) < > jae 13 members KEY 403 members anti-kostas 42 members k
2026-09-13T22:05:08.896259+00:00,members,42, 403 members anti-kostas 42 members kostas 86 members The 2T
2026-09-13T22:05:08.896259+00:00,members,86,kostas 42 members kostas 86 members The 2Toneverse 196 membe
2026-09-13T22:05:08.896259+00:00,members,196,6 members The 2Toneverse 196 members Mini Tower Mayhem! 48 me
2026-09-13T22:05:08.896259+00:00,members,48,"mbers Mini Tower Mayhem! 48 members Vortex 2,553 members Own"
2026-09-13T22:05:08.896259+00:00,members,2553,"ayhem! 48 members Vortex 2,553 members Owner Visits 114,067 Joi"
2026-09-13T22:05:08.896259+00:00,friends,3708,per Last seen 13h ago 37 Friends 3708 Followers 14 Following A
2026-09-13T22:05:08.896259+00:00,online,2,jn_j In Studio ItsBrainy Online 2Tone Offline Connor Offli
2026-09-13T22:05:08.896259+00:00,visits,114067,"rtex 2,553 members Owner Visits 114,067 Joined April 23, 2026 Wi"
2026-09-14T00:11:33.862695+00:00,friends,37,veloper Last seen 1h ago 37 Friends 3709 Followers 14 Follow
2026-09-14T00:11:33.862695+00:00,members,13,fline Groups (7) < > jae 13 members KEY 403 members anti-kos
2026-09-14T00:11:33.862695+00:00,members,403,) < > jae 13 members KEY 403 members anti-kostas 42 members k
2026-09-14T00:11:33.862695+00:00,members,42, 403 members anti-kostas 42 members kostas 86 members The 2T
2026-09-14T00:11:33.862695+00:00,members,86,kostas 42 members kostas 86 members The 2Toneverse 197 membe
2026-09-14T00:11:33.862695+00:00,members,197,6 members The 2Toneverse 197 members Mini Tower Mayhem! 48 me
2026-09-14T00:11:33.862695+00:00,members,48,"mbers Mini Tower Mayhem! 48 members Vortex 2,559 members Own"
2026-09-14T00:11:33.862695+00:00,members,2559,"ayhem! 48 members Vortex 2,559 members Owner Visits 114,079 Joi"
2026-09-14T00:11:33.862695+00:00,friends,3709,oper Last seen 1h ago 37 Friends 3709 Followers 14 Following A
2026-09-14T00:11:33.862695+00:00,visits,114079,"rtex 2,559 members Owner Visits 114,079 Joined April 23, 2026 Wi"
2026-09-14T04:56:48.176145+00:00,friends,37,veloper Last seen 6h ago 37 Friends 3711 Followers 14 Follow
2026-09-14T04:56:48.176145+00:00,members,13,fline Groups (7) < > jae 13 members KEY 403 members anti-kos
2026-09-14T04:56:48.176145+00:00,members,403,) < > jae 13 members KEY 403 members anti-kostas 42 members k
2026-09-14T04:56:48.176145+00:00,members,42, 403 members anti-kostas 42 members kostas 86 members The 2T
2026-09-14T04:56:48.176145+00:00,members,86,kostas 42 members kostas 86 members The 2Toneverse 197 membe
2026-09-14T04:56:48.176145+00:00,members,197,6 members The 2Toneverse 197 members Mini Tower Mayhem! 48 me
2026-09-14T04:56:48.176145+00:00,members,48,"mbers Mini Tower Mayhem! 48 members Vortex 2,575 members Own"
2026-09-14T04:56:48.176145+00:00,members,2575,"ayhem! 48 members Vortex 2,575 members Owner Visits 114,088 Joi"
2026-09-14T04:56:48.176145+00:00,friends,3711,oper Last seen 6h ago 37 Friends 3711 Followers 14 Following A
2026-09-14T04:56:48.176145+00:00,visits,114088,"rtex 2,575 members Owner Visits 114,088 Joined April 23, 2026 Wi"
2026-09-14T10:20:43.766245+00:00,friends,37,veloper Last seen 1h ago 37 Friends 3713 Followers 14 Follow
2026-09-14T10:20:43.766245+00:00,members,13,fline Groups (7) < > jae 13 members KEY 406 members anti-kos
2026-09-14T10:20:43.766245+00:00,members,406,) < > jae 13 members KEY 406 members anti-kostas 42 members k
2026-09-14T10:20:43.766245+00:00,members,42, 406 members anti-kostas 42 members kostas 86 members The 2T
2026-09-14T10:20:43.766245+00:00,members,86,kostas 42 members kostas 86 members The 2Toneverse 197 membe
2026-09-14T10:20:43.766245+00:00,members,197,6 members The 2Toneverse 197 members Mini Tower Mayhem! 48 me
2026-09-14T10:20:43.766245+00:00,members,48,"mbers Mini Tower Mayhem! 48 members Vortex 2,579 members Own"
2026-09-14T10:20:43.766245+00:00,members,2579,"ayhem! 48 members Vortex 2,579 members Owner Visits 114,094 Joi"
2026-09-14T10:20:43.766245+00:00,friends,3713,oper Last seen 1h ago 37 Friends 3713 Followers 14 Following A
2026-09-14T10:20:43.766245+00:00,visits,114094,"rtex 2,579 members Owner Visits 114,094 Joined April 23, 2026 Wi"
2026-09-14T16:27:14.829981+00:00,friends,37,veloper Last seen 7h ago 37 Friends 3714 Followers 14 Follow
2026-09-14T16:27:14.829981+00:00,members,13,fline Groups (7) < > jae 13 members KEY 408 members anti-kos
2026-09-14T16:27:14.829981+00:00,members,408,) < > jae 13 members KEY 408 members anti-kostas 42 members k
2026-09-14T16:27:14.829981+00:00,members,42, 408 members anti-kostas 42 members kostas 86 members The 2T
2026-09-14T16:27:14.829981+00:00,members,86,kostas 42 members kostas 86 members The 2Toneverse 197 membe
2026-09-14T16:27:14.829981+00:00,members,197,6 members The 2Toneverse 197 members Mini Tower Mayhem! 48 me
2026-09-14T16:27:14.829981+00:00,members,48,"mbers Mini Tower Mayhem! 48 members Vortex 2,589 members Own"
2026-09-14T16:27:14.829981+00:00,members,2589,"ayhem! 48 members Vortex 2,589 members Owner Visits 114,110 Joi"
2026-09-14T16:27:14.829981+00:00,friends,3714,oper Last seen 7h ago 37 Friends 3714 Followers 14 Following A
2026-09-14T16:27:14.829981+00:00,online,2, :) Friends (37) < > gab Online 2Tone Offline Connor Offli
2026-09-14T16:27:14.829981+00:00,visits,114110,"rtex 2,589 members Owner Visits 114,110 Joined April 23, 2026 Wi"
2026-09-14T20:25:09.996412+00:00,friends,37,veloper Last seen 3h ago 37 Friends 3715 Followers 14 Follow
2026-09-14T20:25:09.996412+00:00,members,13,fline Groups (7) < > jae 13 members KEY 408 members anti-kos
2026-09-14T20:25:09.996412+00:00,members,408,) < > jae 13 members KEY 408 members anti-kostas 42 members k
2026-09-14T20:25:09.996412+00:00,members,42, 408 members anti-kostas 42 members kostas 87 members The 2T
2026-09-14T20:25:09.996412+00:00,members,87,kostas 42 members kostas 87 members The 2Toneverse 197 membe
2026-09-14T20:25:09.996412+00:00,members,197,7 members The 2Toneverse 197 members Mini Tower Mayhem! 48 me
2026-09-14T20:25:09.996412+00:00,members,48,"mbers Mini Tower Mayhem! 48 members Vortex 2,595 members Own"
2026-09-14T20:25:09.996412+00:00,members,2595,"ayhem! 48 members Vortex 2,595 members Owner Visits 114,123 Joi"
2026-09-14T20:25:09.996412+00:00,friends,3715,oper Last seen 3h ago 37 Friends 3715 Followers 14 Following A
2026-09-14T20:25:09.996412+00:00,online,2,intupleOne In Game Jacob Online 2Tone Offline Connor Offli
2026-09-14T20:25:09.996412+00:00,visits,114123,"rtex 2,595 members Owner Visits 114,123 Joined April 23, 2026 Wi"
2026-09-14T23:17:40.971574+00:00,friends,37,eloper Last seen 16m ago 37 Friends 3717 Followers 14 Follow
2026-09-14T23:17:40.971574+00:00,members,13,fline Groups (7) < > jae 13 members KEY 408 members anti-kos
2026-09-14T23:17:40.971574+00:00,members,408,) < > jae 13 members KEY 408 members anti-kostas 42 members k
2026-09-14T23:17:40.971574+00:00,members,42, 408 members anti-kostas 42 members kostas 87 members The 2T
2026-09-14T23:17:40.971574+00:00,members,87,kostas 42 members kostas 87 members The 2Toneverse 197 membe
2026-09-14T23:17:40.971574+00:00,members,197,7 members The 2Toneverse 197 members Mini Tower Mayhem! 48 me
2026-09-14T23:17:40.971574+00:00,members,48,"mbers Mini Tower Mayhem! 48 members Vortex 2,599 members Own"
2026-09-14T23:17:40.971574+00:00,members,2599,"ayhem! 48 members Vortex 2,599 members Owner Visits 114,149 Joi"
2026-09-14T23:17:40.971574+00:00,friends,3717,per Last seen 16m ago 37 Friends 3717 Followers 14 Following A
2026-09-14T23:17:40.971574+00:00,visits,114149,"rtex 2,599 members Owner Visits 114,149 Joined April 23, 2026 Wi"
2026-09-15T01:41:40.050206+00:00,friends,37,eloper Last seen 33m ago 37 Friends 3717 Followers 14 Follow
2026-09-15T01:41:40.050206+00:00,members,13,fline Groups (7) < > jae 13 members KEY 408 members anti-kos
2026-09-15T01:41:40.050206+00:00,members,408,) < > jae 13 members KEY 408 members anti-kostas 42 members k
2026-09-15T01:41:40.050206+00:00,members,42, 408 members anti-kostas 42 members kostas 87 members The 2T
2026-09-15T01:41:40.050206+00:00,members,87,kostas 42 members kostas 87 members The 2Toneverse 197 membe
2026-09-15T01:41:40.050206+00:00,members,197,7 members The 2Toneverse 197 members Mini Tower Mayhem! 48 me
2026-09-15T01:41:40.050206+00:00,members,48,"mbers Mini Tower Mayhem! 48 members Vortex 2,603 members Own"
2026-09-15T01:41:40.050206+00:00,members,2603,"ayhem! 48 members Vortex 2,603 members Owner Visits 114,163 Joi"
2026-09-15T01:41:40.050206+00:00,friends,3717,per Last seen 33m ago 37 Friends 3717 Followers 14 Following A
2026-09-15T01:41:40.050206+00:00,visits,114163,"rtex 2,603 members Owner Visits 114,163 Joined April 23, 2026 Wi"
2026-09-15T06:44:36.767916+00:00,friends,37,Sign In TheHaloDeveloper 37 Friends 3721 Followers 14 Follow
2026-09-15T06:44:36.767916+00:00,members,13,fline Groups (7) < > jae 13 members KEY 409 members anti-kos
2026-09-15T06:44:36.767916+00:00,members,409,) < > jae 13 members KEY 409 members anti-kostas 42 members k
2026-09-15T06:44:36.767916+00:00,members,42, 409 members anti-kostas 42 members kostas 87 members The 2T
2026-09-15T06:44:36.767916+00:00,members,87,kostas 42 members kostas 87 members The 2Toneverse 197 membe
2026-09-15T06:44:36.767916+00:00,members,197,7 members The 2Toneverse 197 members Mini Tower Mayhem! 48 me
2026-09-15T06:44:36.767916+00:00,members,48,"mbers Mini Tower Mayhem! 48 members Vortex 2,609 members Own"
2026-09-15T06:44:36.767916+00:00,members,2609,"ayhem! 48 members Vortex 2,609 members Owner Visits 114,170 Joi"
2026-09-15T06:44:36.767916+00:00,friends,3721,n In TheHaloDeveloper 37 Friends 3721 Followers 14 Following A
2026-09-15T06:44:36.767916+00:00,visits,114170,"rtex 2,609 members Owner Visits 114,170 Joined April 23, 2026 Wi"
2026-09-15T12:12:18.853133+00:00,friends,37,veloper Last seen 4h ago 37 Friends 3722 Followers 14 Follow
2026-09-15T12:12:18.853133+00:00,members,13,fline Groups (7) < > jae 13 members KEY 411 members anti-kos
2026-09-15T12:12:18.853133+00:00,members,411,) < > jae 13 members KEY 411 members anti-kostas 42 members k
2026-09-15T12:12:18.853133+00:00,members,42, 411 members anti-kostas 42 members kostas 87 members The 2T
2026-09-15T12:12:18.853133+00:00,members,87,kostas 42 members kostas 87 members The 2Toneverse 198 membe
2026-09-15T12:12:18.853133+00:00,members,198,7 members The 2Toneverse 198 members Mini Tower Mayhem! 48 me
2026-09-15T12:12:18.853133+00:00,members,48,"mbers Mini Tower Mayhem! 48 members Vortex 2,614 members Own"
2026-09-15T12:12:18.853133+00:00,members,2614,"ayhem! 48 members Vortex 2,614 members Owner Visits 114,180 Joi"
2026-09-15T12:12:18.853133+00:00,friends,3722,oper Last seen 4h ago 37 Friends 3722 Followers 14 Following A
2026-09-15T12:12:18.853133+00:00,visits,114180,"rtex 2,614 members Owner Visits 114,180 Joined April 23, 2026 Wi"
2026-09-15T17:00:15.624771+00:00,friends,37,veloper Last seen 8h ago 37 Friends 3725 Followers 14 Follow
2026-09-15T17:00:15.624771+00:00,members,14,fline Groups (7) < > jae 14 members KEY 411 members anti-kos
2026-09-15T17:00:15.624771+00:00,members,411,) < > jae 14 members KEY 411 members anti-kostas 42 members k
2026-09-15T17:00:15.624771+00:00,members,42, 411 members anti-kostas 42 members kostas 87 members The 2T
2026-09-15T17:00:15.624771+00:00,members,87,kostas 42 members kostas 87 members The 2Toneverse 198 membe
2026-09-15T17:00:15.624771+00:00,members,198,7 members The 2Toneverse 198 members Mini Tower Mayhem! 48 me
2026-09-15T17:00:15.624771+00:00,members,48,"mbers Mini Tower Mayhem! 48 members Vortex 2,625 members Own"
2026-09-15T17:00:15.624771+00:00,members,2625,"ayhem! 48 members Vortex 2,625 members Owner Visits 114,201 Joi"
2026-09-15T17:00:15.624771+00:00,friends,3725,oper Last seen 8h ago 37 Friends 3725 Followers 14 Following A
2026-09-15T17:00:15.624771+00:00,visits,114201,"rtex 2,625 members Owner Visits 114,201 Joined April 23, 2026 Wi"
2026-09-15T20:08:40.458628+00:00,friends,37,eloper Last seen 11h ago 37 Friends 3725 Followers 14 Follow
2026-09-15T20:08:40.458628+00:00,members,14,fline Groups (7) < > jae 14 members KEY 412 members anti-kos
2026-09-15T20:08:40.458628+00:00,members,412,) < > jae 14 members KEY 412 members anti-kostas 42 members k
2026-09-15T20:08:40.458628+00:00,members,42, 412 members anti-kostas 42 members kostas 88 members The 2T
2026-09-15T20:08:40.458628+00:00,members,88,kostas 42 members kostas 88 members The 2Toneverse 199 membe
2026-09-15T20:08:40.458628+00:00,members,199,8 members The 2Toneverse 199 members Mini Tower Mayhem! 48 me
2026-09-15T20:08:40.458628+00:00,members,48,"mbers Mini Tower Mayhem! 48 members Vortex 2,642 members Own"
2026-09-15T20:08:40.458628+00:00,members,2642,"ayhem! 48 members Vortex 2,642 members Owner Visits 114,215 Joi"
2026-09-15T20:08:40.458628+00:00,friends,3725,per Last seen 11h ago 37 Friends 3725 Followers 14 Following A
2026-09-15T20:08:40.458628+00:00,online,2,rainy Online MiningRoger Online 2Tone Offline Connor Offli
2026-09-15T20:08:40.458628+00:00,visits,114215,"rtex 2,642 members Owner Visits 114,215 Joined April 23, 2026 Wi"
2026-09-15T22:53:52.411119+00:00,friends,37,eloper Last seen 25m ago 37 Friends 3726 Followers 14 Follow
2026-09-15T22:53:52.411119+00:00,members,14,fline Groups (7) < > jae 14 members KEY 415 members anti-kos
2026-09-15T22:53:52.411119+00:00,members,415,) < > jae 14 members KEY 415 members anti-kostas 42 members k
2026-09-15T22:53:52.411119+00:00,members,42, 415 members anti-kostas 42 members kostas 88 members The 2T
2026-09-15T22:53:52.411119+00:00,members,88,kostas 42 members kostas 88 members The 2Toneverse 199 membe
2026-09-15T22:53:52.411119+00:00,members,199,8 members The 2Toneverse 199 members Mini Tower Mayhem! 48 me
2026-09-15T22:53:52.411119+00:00,members,48,"mbers Mini Tower Mayhem! 48 members Vortex 2,691 members Own"
2026-09-15T22:53:52.411119+00:00,members,2691,"ayhem! 48 members Vortex 2,691 members Owner Visits 114,293 Joi"
2026-09-15T22:53:52.411119+00:00,friends,3726,per Last seen 25m ago 37 Friends 3726 Followers 14 Following A
2026-09-15T22:53:52.411119+00:00,visits,114293,"rtex 2,691 members Owner Visits 114,293 Joined April 23, 2026 Wi"
2026-09-16T01:03:15.794426+00:00,friends,37,veloper Last seen 1h ago 37 Friends 3731 Followers 14 Follow
2026-09-16T01:03:15.794426+00:00,members,15,fline Groups (7) < > jae 15 members KEY 416 members anti-kos
2026-09-16T01:03:15.794426+00:00,members,416,) < > jae 15 members KEY 416 members anti-kostas 42 members k
2026-09-16T01:03:15.794426+00:00,members,42, 416 members anti-kostas 42 members kostas 88 members The 2T
2026-09-16T01:03:15.794426+00:00,members,88,kostas 42 members kostas 88 members The 2Toneverse 200 membe
2026-09-16T01:03:15.794426+00:00,members,200,8 members The 2Toneverse 200 members Mini Tower Mayhem! 48 me
2026-09-16T01:03:15.794426+00:00,members,48,"mbers Mini Tower Mayhem! 48 members Vortex 2,722 members Own"
2026-09-16T01:03:15.794426+00:00,members,2722,"ayhem! 48 members Vortex 2,722 members Owner Visits 114,336 Joi"
2026-09-16T01:03:15.794426+00:00,friends,3731,oper Last seen 1h ago 37 Friends 3731 Followers 14 Following A
2026-09-16T01:03:15.794426+00:00,online,2,d776 In Studio ItsBrainy Online 2Tone Offline Connor Offli
2026-09-16T01:03:15.794426+00:00,visits,114336,"rtex 2,722 members Owner Visits 114,336 Joined April 23, 2026 Wi"
2026-09-16T06:00:44.119807+00:00,friends,37,veloper Last seen 3h ago 37 Friends 3737 Followers 14 Follow
2026-09-16T06:00:44.119807+00:00,members,16,fline Groups (7) < > jae 16 members KEY 418 members anti-kos
2026-09-16T06:00:44.119807+00:00,members,418,) < > jae 16 members KEY 418 members anti-kostas 42 members k
2026-09-16T06:00:44.119807+00:00,members,42, 418 members anti-kostas 42 members kostas 89 members The 2T
2026-09-16T06:00:44.119807+00:00,members,89,kostas 42 members kostas 89 members The 2Toneverse 201 membe
2026-09-16T06:00:44.119807+00:00,members,201,9 members The 2Toneverse 201 members Mini Tower Mayhem! 49 me
2026-09-16T06:00:44.119807+00:00,members,49,"mbers Mini Tower Mayhem! 49 members Vortex 2,748 members Own"
2026-09-16T06:00:44.119807+00:00,members,2748,"ayhem! 49 members Vortex 2,748 members Owner Visits 114,396 Joi"
2026-09-16T06:00:44.119807+00:00,friends,3737,oper Last seen 3h ago 37 Friends 3737 Followers 14 Following A
2026-09-16T06:00:44.119807+00:00,visits,114396,"rtex 2,748 members Owner Visits 114,396 Joined April 23, 2026 Wi"
2026-09-16T11:31:31.908433+00:00,friends,37,veloper Last seen 2h ago 37 Friends 3738 Followers 14 Follow
2026-09-16T11:31:31.908433+00:00,members,16,fline Groups (7) < > jae 16 members KEY 419 members anti-kos
2026-09-16T11:31:31.908433+00:00,members,419,) < > jae 16 members KEY 419 members anti-kostas 42 members k
2026-09-16T11:31:31.908433+00:00,members,42, 419 members anti-kostas 42 members kostas 89 members The 2T
2026-09-16T11:31:31.908433+00:00,members,89,kostas 42 members kostas 89 members The 2Toneverse 201 membe
2026-09-16T11:31:31.908433+00:00,members,201,9 members The 2Toneverse 201 members Mini Tower Mayhem! 49 me
2026-09-16T11:31:31.908433+00:00,members,49,"mbers Mini Tower Mayhem! 49 members Vortex 2,773 members Own"
2026-09-16T11:31:31.908433+00:00,members,2773,"ayhem! 49 members Vortex 2,773 members Owner Visits 114,482 Joi"
2026-09-16T11:31:31.908433+00:00,friends,3738,oper Last seen 2h ago 37 Friends 3738 Followers 14 Following A
2026-09-16T11:31:31.908433+00:00,visits,114482,"rtex 2,773 members Owner Visits 114,482 Joined April 23, 2026 Wi"
2026-09-16T15:32:48.118069+00:00,friends,37,veloper Last seen 6h ago 37 Friends 3741 Followers 14 Follow
2026-09-16T15:32:48.118069+00:00,members,16,fline Groups (7) < > jae 16 members KEY 421 members anti-kos
2026-09-16T15:32:48.118069+00:00,members,421,) < > jae 16 members KEY 421 members anti-kostas 42 members k
2026-09-16T15:32:48.118069+00:00,members,42, 421 members anti-kostas 42 members kostas 89 members The 2T
2026-09-16T15:32:48.118069+00:00,members,89,kostas 42 members kostas 89 members The 2Toneverse 201 membe
2026-09-16T15:32:48.118069+00:00,members,201,9 members The 2Toneverse 201 members Mini Tower Mayhem! 49 me
2026-09-16T15:32:48.118069+00:00,members,49,"mbers Mini Tower Mayhem! 49 members Vortex 2,800 members Own"
2026-09-16T15:32:48.118069+00:00,members,2800,"ayhem! 49 members Vortex 2,800 members Owner Visits 114,537 Joi"
2026-09-16T15:32:48.118069+00:00,friends,3741,oper Last seen 6h ago 37 Friends 3741 Followers 14 Following A
2026-09-16T15:32:48.118069+00:00,visits,114537,"rtex 2,800 members Owner Visits 114,537 Joined April 23, 2026 Wi"
2026-09-16T19:05:46.795896+00:00,friends,37,veloper Last seen 1h ago 37 Friends 3746 Followers 14 Follow
2026-09-16T19:05:46.795896+00:00,members,16,fline Groups (7) < > jae 16 members KEY 423 members anti-kos
2026-09-16T19:05:46.795896+00:00,members,423,) < > jae 16 members KEY 423 members anti-kostas 42 members k
2026-09-16T19:05:46.795896+00:00,members,42, 423 members anti-kostas 42 members kostas 89 members The 2T
2026-09-16T19:05:46.795896+00:00,members,89,kostas 42 members kostas 89 members The 2Toneverse 201 membe
2026-09-16T19:05:46.795896+00:00,members,201,9 members The 2Toneverse 201 members Mini Tower Mayhem! 49 me
2026-09-16T19:05:46.795896+00:00,members,49,"mbers Mini Tower Mayhem! 49 members Vortex 2,835 members Own"
2026-09-16T19:05:46.795896+00:00,members,2835,"ayhem! 49 members Vortex 2,835 members Owner Visits 114,566 Joi"
2026-09-16T19:05:46.795896+00:00,friends,3746,oper Last seen 1h ago 37 Friends 3746 Followers 14 Following A
2026-09-16T19:05:46.795896+00:00,online,2,) Friends (37) < > Jacob Online 2Tone Offline Connor Offli
2026-09-16T19:05:46.795896+00:00,visits,114566,"rtex 2,835 members Owner Visits 114,566 Joined April 23, 2026 Wi"
2026-09-16T22:10:12.590444+00:00,friends,37,veloper Last seen 2h ago 37 Friends 3748 Followers 14 Follow
2026-09-16T22:10:12.590444+00:00,members,16,fline Groups (7) < > jae 16 members KEY 424 members anti-kos
2026-09-16T22:10:12.590444+00:00,members,424,) < > jae 16 members KEY 424 members anti-kostas 42 members k
2026-09-16T22:10:12.590444+00:00,members,42, 424 members anti-kostas 42 members kostas 89 members The 2T
2026-09-16T22:10:12.590444+00:00,members,89,kostas 42 members kostas 89 members The 2Toneverse 201 membe
2026-09-16T22:10:12.590444+00:00,members,201,9 members The 2Toneverse 201 members Mini Tower Mayhem! 49 me
2026-09-16T22:10:12.590444+00:00,members,49,"mbers Mini Tower Mayhem! 49 members Vortex 2,849 members Own"
2026-09-16T22:10:12.590444+00:00,members,2849,"ayhem! 49 members Vortex 2,849 members Owner Visits 114,600 Joi"
2026-09-16T22:10:12.590444+00:00,friends,3748,oper Last seen 2h ago 37 Friends 3748 Followers 14 Following A
2026-09-16T22:10:12.590444+00:00,online,2, Friends (37) < > Gaming Online 2Tone Offline Connor Offli
2026-09-16T22:10:12.590444+00:00,visits,114600,"rtex 2,849 members Owner Visits 114,600 Joined April 23, 2026 Wi"
2026-09-17T00:31:38.759064+00:00,friends,37,veloper Last seen 5m ago 37 Friends 3748 Followers 14 Follow
2026-09-17T00:31:38.759064+00:00,members,17,fline Groups (7) < > jae 17 members KEY 425 members anti-kos
2026-09-17T00:31:38.759064+00:00,members,425,) < > jae 17 members KEY 425 members anti-kostas 42 members k
2026-09-17T00:31:38.759064+00:00,members,42, 425 members anti-kostas 42 members kostas 89 members The 2T
2026-09-17T00:31:38.759064+00:00,members,89,kostas 42 members kostas 89 members The 2Toneverse 201 membe
2026-09-17T00:31:38.759064+00:00,members,201,9 members The 2Toneverse 201 members Mini Tower Mayhem! 49 me
2026-09-17T00:31:38.759064+00:00,members,49,"mbers Mini Tower Mayhem! 49 members Vortex 2,862 members Own"
2026-09-17T00:31:38.759064+00:00,members,2862,"ayhem! 49 members Vortex 2,862 members Owner Visits 114,637 Joi"
2026-09-17T00:31:38.759064+00:00,friends,3748,oper Last seen 5m ago 37 Friends 3748 Followers 14 Following A
2026-09-17T00:31:38.759064+00:00,online,2, Friends (37) < > kostas Online 2Tone Offline Connor Offli
2026-09-17T00:31:38.759064+00:00,visits,114637,"rtex 2,862 members Owner Visits 114,637 Joined April 23, 2026 Wi"
2026-09-17T05:25:18.297401+00:00,friends,37,eloper Last seen 10m ago 37 Friends 3752 Followers 14 Follow
2026-09-17T05:25:18.297401+00:00,members,17,fline Groups (7) < > jae 17 members KEY 426 members anti-kos
2026-09-17T05:25:18.297401+00:00,members,426,) < > jae 17 members KEY 426 members anti-kostas 42 members k
2026-09-17T05:25:18.297401+00:00,members,42, 426 members anti-kostas 42 members kostas 89 members The 2T
2026-09-17T05:25:18.297401+00:00,members,89,kostas 42 members kostas 89 members The 2Toneverse 201 membe
2026-09-17T05:25:18.297401+00:00,members,201,9 members The 2Toneverse 201 members Mini Tower Mayhem! 49 me
2026-09-17T05:25:18.297401+00:00,members,49,"mbers Mini Tower Mayhem! 49 members Vortex 2,881 members Own"
2026-09-17T05:25:18.297401+00:00,members,2881,"ayhem! 49 members Vortex 2,881 members Owner Visits 114,673 Joi"
2026-09-17T05:25:18.297401+00:00,friends,3752,per Last seen 10m ago 37 Friends 3752 Followers 14 Following A
2026-09-17T05:25:18.297401+00:00,visits,114673,"rtex 2,881 members Owner Visits 114,673 Joined April 23, 2026 Wi"
2026-09-17T10:15:11.849997+00:00,friends,37,eloper Last seen 59m ago 37 Friends 3756 Followers 14 Follow
2026-09-17T10:15:11.849997+00:00,members,17,fline Groups (7) < > jae 17 members KEY 426 members anti-kos
2026-09-17T10:15:11.849997+00:00,members,426,) < > jae 17 members KEY 426 members anti-kostas 42 members k
2026-09-17T10:15:11.849997+00:00,members,42, 426 members anti-kostas 42 members kostas 89 members The 2T
2026-09-17T10:15:11.849997+00:00,members,89,kostas 42 members kostas 89 members The 2Toneverse 201 membe
2026-09-17T10:15:11.849997+00:00,members,201,9 members The 2Toneverse 201 members Mini Tower Mayhem! 49 me
2026-09-17T10:15:11.849997+00:00,members,49,"mbers Mini Tower Mayhem! 49 members Vortex 2,889 members Own"
2026-09-17T10:15:11.849997+00:00,members,2889,"ayhem! 49 members Vortex 2,889 members Owner Visits 114,693 Joi"
2026-09-17T10:15:11.849997+00:00,friends,3756,per Last seen 59m ago 37 Friends 3756 Followers 14 Following A
2026-09-17T10:15:11.849997+00:00,visits,114693,"rtex 2,889 members Owner Visits 114,693 Joined April 23, 2026 Wi"
2026-09-17T15:04:25.023526+00:00,friends,37,veloper Last seen 5h ago 37 Friends 3758 Followers 14 Follow
2026-09-17T15:04:25.023526+00:00,members,17,fline Groups (7) < > jae 17 members KEY 426 members anti-kos
2026-09-17T15:04:25.023526+00:00,members,426,) < > jae 17 members KEY 426 members anti-kostas 42 members k
2026-09-17T15:04:25.023526+00:00,members,42, 426 members anti-kostas 42 members kostas 89 members The 2T
2026-09-17T15:04:25.023526+00:00,members,89,kostas 42 members kostas 89 members The 2Toneverse 201 membe
2026-09-17T15:04:25.023526+00:00,members,201,9 members The 2Toneverse 201 members Mini Tower Mayhem! 49 me
2026-09-17T15:04:25.023526+00:00,members,49,"mbers Mini Tower Mayhem! 49 members Vortex 2,905 members Own"
2026-09-17T15:04:25.023526+00:00,members,2905,"ayhem! 49 members Vortex 2,905 members Owner Visits 114,752 Joi"
2026-09-17T15:04:25.023526+00:00,friends,3758,oper Last seen 5h ago 37 Friends 3758 Followers 14 Following A
2026-09-17T15:04:25.023526+00:00,online,2, :) Friends (37) < > enk Online 2Tone Offline Connor Offli
2026-09-17T15:04:25.023526+00:00,visits,114752,"rtex 2,905 members Owner Visits 114,752 Joined April 23, 2026 Wi"
2026-09-17T19:02:01.491912+00:00,friends,37,veloper Last seen 2h ago 37 Friends 3761 Followers 14 Follow
2026-09-17T19:02:01.491912+00:00,members,17,fline Groups (7) < > jae 17 members KEY 426 members anti-kos
2026-09-17T19:02:01.491912+00:00,members,426,) < > jae 17 members KEY 426 members anti-kostas 42 members k
2026-09-17T19:02:01.491912+00:00,members,42, 426 members anti-kostas 42 members kostas 89 members The 2T
2026-09-17T19:02:01.491912+00:00,members,89,kostas 42 members kostas 89 members The 2Toneverse 201 membe
2026-09-17T19:02:01.491912+00:00,members,201,9 members The 2Toneverse 201 members Mini Tower Mayhem! 49 me
2026-09-17T19:02:01.491912+00:00,members,49,"mbers Mini Tower Mayhem! 49 members Vortex 2,919 members Own"
2026-09-17T19:02:01.491912+00:00,members,2919,"ayhem! 49 members Vortex 2,919 members Owner Visits 114,812 Joi"
2026-09-17T19:02:01.491912+00:00,friends,3761,oper Last seen 2h ago 37 Friends 3761 Followers 14 Following A
2026-09-17T19:02:01.491912+00:00,visits,114812,"rtex 2,919 members Owner Visits 114,812 Joined April 23, 2026 Wi"
2026-09-17T22:09:06.391834+00:00,friends,37,veloper Last seen 5h ago 37 Friends 3761 Followers 14 Follow
2026-09-17T22:09:06.391834+00:00,members,17,fline Groups (7) < > jae 17 members KEY 427 members anti-kos
2026-09-17T22:09:06.391834+00:00,members,427,) < > jae 17 members KEY 427 members anti-kostas 43 members k
2026-09-17T22:09:06.391834+00:00,members,43, 427 members anti-kostas 43 members kostas 89 members The 2T
2026-09-17T22:09:06.391834+00:00,members,89,kostas 43 members kostas 89 members The 2Toneverse 201 membe
2026-09-17T22:09:06.391834+00:00,members,201,9 members The 2Toneverse 201 members Mini Tower Mayhem! 49 me
2026-09-17T22:09:06.391834+00:00,members,49,"mbers Mini Tower Mayhem! 49 members Vortex 2,931 members Own"
2026-09-17T22:09:06.391834+00:00,members,2931,"ayhem! 49 members Vortex 2,931 members Owner Visits 114,850 Joi"
2026-09-17T22:09:06.391834+00:00,friends,3761,oper Last seen 5h ago 37 Friends 3761 Followers 14 Following A
2026-09-17T22:09:06.391834+00:00,visits,114850,"rtex 2,931 members Owner Visits 114,850 Joined April 23, 2026 Wi"
2026-09-18T00:17:35.776048+00:00,friends,37,loper Last seen just now 37 Friends 3765 Followers 14 Follow
2026-09-18T00:17:35.776048+00:00,members,17,fline Groups (7) < > jae 17 members KEY 428 members anti-kos
2026-09-18T00:17:35.776048+00:00,members,428,) < > jae 17 members KEY 428 members anti-kostas 43 members k
2026-09-18T00:17:35.776048+00:00,members,43, 428 members anti-kostas 43 members kostas 89 members The 2T
2026-09-18T00:17:35.776048+00:00,members,89,kostas 43 members kostas 89 members The 2Toneverse 201 membe
2026-09-18T00:17:35.776048+00:00,members,201,9 members The 2Toneverse 201 members Mini Tower Mayhem! 49 me
2026-09-18T00:17:35.776048+00:00,members,49,"mbers Mini Tower Mayhem! 49 members Vortex 2,940 members Own"
2026-09-18T00:17:35.776048+00:00,members,2940,"ayhem! 49 members Vortex 2,940 members Owner Visits 114,875 Joi"
2026-09-18T00:17:35.776048+00:00,friends,3765,er Last seen just now 37 Friends 3765 Followers 14 Following A
2026-09-18T00:17:35.776048+00:00,visits,114875,"rtex 2,940 members Owner Visits 114,875 Joined April 23, 2026 Wi"
2026-09-18T04:59:23.824776+00:00,friends,37,veloper Last seen 2h ago 37 Friends 3766 Followers 14 Follow
2026-09-18T04:59:23.824776+00:00,members,17,fline Groups (7) < > jae 17 members KEY 428 members anti-kos
2026-09-18T04:59:23.824776+00:00,members,428,) < > jae 17 members KEY 428 members anti-kostas 43 members k
2026-09-18T04:59:23.824776+00:00,members,43, 428 members anti-kostas 43 members kostas 89 members The 2T
2026-09-18T04:59:23.824776+00:00,members,89,kostas 43 members kostas 89 members The 2Toneverse 201 membe
2026-09-18T04:59:23.824776+00:00,members,201,9 members The 2Toneverse 201 members Mini Tower Mayhem! 49 me
2026-09-18T04:59:23.824776+00:00,members,49,"mbers Mini Tower Mayhem! 49 members Vortex 2,956 members Own"
2026-09-18T04:59:23.824776+00:00,members,2956,"ayhem! 49 members Vortex 2,956 members Owner Visits 114,899 Joi"
2026-09-18T04:59:23.824776+00:00,friends,3766,oper Last seen 2h ago 37 Friends 3766 Followers 14 Following A
2026-09-18T04:59:23.824776+00:00,visits,114899,"rtex 2,956 members Owner Visits 114,899 Joined April 23, 2026 Wi"
2026-09-18T09:32:55.416989+00:00,friends,37,eloper Last seen 17m ago 37 Friends 3766 Followers 14 Follow
2026-09-18T09:32:55.416989+00:00,members,17,fline Groups (7) < > jae 17 members KEY 431 members anti-kos
2026-09-18T09:32:55.416989+00:00,members,431,) < > jae 17 members KEY 431 members anti-kostas 43 members k
2026-09-18T09:32:55.416989+00:00,members,43, 431 members anti-kostas 43 members kostas 90 members The 2T
2026-09-18T09:32:55.416989+00:00,members,90,kostas 43 members kostas 90 members The 2Toneverse 201 membe
2026-09-18T09:32:55.416989+00:00,members,201,0 members The 2Toneverse 201 members Mini Tower Mayhem! 49 me
2026-09-18T09:32:55.416989+00:00,members,49,"mbers Mini Tower Mayhem! 49 members Vortex 2,961 members Own"
2026-09-18T09:32:55.416989+00:00,members,2961,"ayhem! 49 members Vortex 2,961 members Owner Visits 114,924 Joi"
2026-09-18T09:32:55.416989+00:00,friends,3766,per Last seen 17m ago 37 Friends 3766 Followers 14 Following A
2026-09-18T09:32:55.416989+00:00,visits,114924,"rtex 2,961 members Owner Visits 114,924 Joined April 23, 2026 Wi"
2026-09-18T13:51:22.606623+00:00,friends,37,veloper Last seen 4h ago 37 Friends 3767 Followers 14 Follow
2026-09-18T13:51:22.606623+00:00,members,17,fline Groups (7) < > jae 17 members KEY 431 members anti-kos
2026-09-18T13:51:22.606623+00:00,members,431,) < > jae 17 members KEY 431 members anti-kostas 43 members k
2026-09-18T13:51:22.606623+00:00,members,43, 431 members anti-kostas 43 members kostas 90 members The 2T
2026-09-18T13:51:22.606623+00:00,members,90,kostas 43 members kostas 90 members The 2Toneverse 201 membe
2026-09-18T13:51:22.606623+00:00,members,201,0 members The 2Toneverse 201 members Mini Tower Mayhem! 49 me
2026-09-18T13:51:22.606623+00:00,members,49,"mbers Mini Tower Mayhem! 49 members Vortex 2,970 members Own"
2026-09-18T13:51:22.606623+00:00,members,2970,"ayhem! 49 members Vortex 2,970 members Owner Visits 114,977 Joi"
2026-09-18T13:51:22.606623+00:00,friends,3767,oper Last seen 4h ago 37 Friends 3767 Followers 14 Following A
2026-09-18T13:51:22.606623+00:00,visits,114977,"rtex 2,970 members Owner Visits 114,977 Joined April 23, 2026 Wi"
2026-09-18T17:28:32.407047+00:00,friends,37,veloper Last seen 1h ago 37 Friends 3767 Followers 14 Follow
2026-09-18T17:28:32.407047+00:00,members,17,fline Groups (7) < > jae 17 members KEY 431 members anti-kos
2026-09-18T17:28:32.407047+00:00,members,431,) < > jae 17 members KEY 431 members anti-kostas 43 members k
2026-09-18T17:28:32.407047+00:00,members,43, 431 members anti-kostas 43 members kostas 90 members The 2T
2026-09-18T17:28:32.407047+00:00,members,90,kostas 43 members kostas 90 members The 2Toneverse 201 membe
2026-09-18T17:28:32.407047+00:00,members,201,0 members The 2Toneverse 201 members Mini Tower Mayhem! 49 me
2026-09-18T17:28:32.407047+00:00,members,49,"mbers Mini Tower Mayhem! 49 members Vortex 2,981 members Own"
2026-09-18T17:28:32.407047+00:00,members,2981,"ayhem! 49 members Vortex 2,981 members Owner Visits 114,998 Joi"
2026-09-18T17:28:32.407047+00:00,friends,3767,oper Last seen 1h ago 37 Friends 3767 Followers 14 Following A
2026-09-18T17:28:32.407047+00:00,visits,114998,"rtex 2,981 members Owner Visits 114,998 Joined April 23, 2026 Wi"
2026-09-18T19:53:24.285787+00:00,friends,37,eloper Last seen 43m ago 37 Friends 3767 Followers 14 Follow
2026-09-18T19:53:24.285787+00:00,members,17,fline Groups (7) < > jae 17 members KEY 433 members anti-kos
2026-09-18T19:53:24.285787+00:00,members,433,) < > jae 17 members KEY 433 members anti-kostas 43 members k
2026-09-18T19:53:24.285787+00:00,members,43, 433 members anti-kostas 43 members kostas 90 members The 2T
2026-09-18T19:53:24.285787+00:00,members,90,kostas 43 members kostas 90 members The 2Toneverse 201 membe
2026-09-18T19:53:24.285787+00:00,members,201,0 members The 2Toneverse 201 members Mini Tower Mayhem! 49 me
2026-09-18T19:53:24.285787+00:00,members,49,"mbers Mini Tower Mayhem! 49 members Vortex 2,988 members Own"
2026-09-18T19:53:24.285787+00:00,members,2988,"ayhem! 49 members Vortex 2,988 members Owner Visits 115,010 Joi"
2026-09-18T19:53:24.285787+00:00,friends,3767,per Last seen 43m ago 37 Friends 3767 Followers 14 Following A
2026-09-18T19:53:24.285787+00:00,visits,115010,"rtex 2,988 members Owner Visits 115,010 Joined April 23, 2026 Wi"
2026-09-18T22:15:32.034611+00:00,friends,37,veloper Last seen 3h ago 37 Friends 3768 Followers 14 Follow
2026-09-18T22:15:32.034611+00:00,members,17,fline Groups (7) < > jae 17 members KEY 434 members anti-kos
2026-09-18T22:15:32.034611+00:00,members,434,) < > jae 17 members KEY 434 members anti-kostas 43 members k
2026-09-18T22:15:32.034611+00:00,members,43, 434 members anti-kostas 43 members kostas 90 members The 2T
2026-09-18T22:15:32.034611+00:00,members,90,kostas 43 members kostas 90 members The 2Toneverse 201 membe
2026-09-18T22:15:32.034611+00:00,members,201,0 members The 2Toneverse 201 members Mini Tower Mayhem! 49 me
2026-09-18T22:15:32.034611+00:00,members,49,"mbers Mini Tower Mayhem! 49 members Vortex 2,993 members Own"
2026-09-18T22:15:32.034611+00:00,members,2993,"ayhem! 49 members Vortex 2,993 members Owner Visits 115,041 Joi"
2026-09-18T22:15:32.034611+00:00,friends,3768,oper Last seen 3h ago 37 Friends 3768 Followers 14 Following A
2026-09-18T22:15:32.034611+00:00,visits,115041,"rtex 2,993 members Owner Visits 115,041 Joined April 23, 2026 Wi"
2026-09-19T00:24:31.254842+00:00,friends,37,veloper Last seen 5h ago 37 Friends 3769 Followers 14 Follow
2026-09-19T00:24:31.254842+00:00,members,17,fline Groups (7) < > jae 17 members KEY 434 members anti-kos
2026-09-19T00:24:31.254842+00:00,members,434,) < > jae 17 members KEY 434 members anti-kostas 43 members k
2026-09-19T00:24:31.254842+00:00,members,43, 434 members anti-kostas 43 members kostas 90 members The 2T
2026-09-19T00:24:31.254842+00:00,members,90,kostas 43 members kostas 90 members The 2Toneverse 201 membe
2026-09-19T00:24:31.254842+00:00,members,201,0 members The 2Toneverse 201 members Mini Tower Mayhem! 49 me
2026-09-19T00:24:31.254842+00:00,members,49,"mbers Mini Tower Mayhem! 49 members Vortex 3,001 members Own"
2026-09-19T00:24:31.254842+00:00,members,3001,"ayhem! 49 members Vortex 3,001 members Owner Visits 115,057 Joi"
2026-09-19T00:24:31.254842+00:00,friends,3769,oper Last seen 5h ago 37 Friends 3769 Followers 14 Following A
2026-09-19T00:24:31.254842+00:00,visits,115057,"rtex 3,001 members Owner Visits 115,057 Joined April 23, 2026 Wi"
2026-09-19T04:51:50.586286+00:00,friends,37,veloper Last seen 9h ago 37 Friends 3773 Followers 14 Follow
2026-09-19T04:51:50.586286+00:00,members,17,fline Groups (7) < > jae 17 members KEY 434 members anti-kos
2026-09-19T04:51:50.586286+00:00,members,434,) < > jae 17 members KEY 434 members anti-kostas 43 members k
2026-09-19T04:51:50.586286+00:00,members,43, 434 members anti-kostas 43 members kostas 90 members The 2T
2026-09-19T04:51:50.586286+00:00,members,90,kostas 43 members kostas 90 members The 2Toneverse 201 membe
2026-09-19T04:51:50.586286+00:00,members,201,0 members The 2Toneverse 201 members Mini Tower Mayhem! 49 me
2026-09-19T04:51:50.586286+00:00,members,49,"mbers Mini Tower Mayhem! 49 members Vortex 3,014 members Own"
2026-09-19T04:51:50.586286+00:00,members,3014,"ayhem! 49 members Vortex 3,014 members Owner Visits 115,075 Joi"
2026-09-19T04:51:50.586286+00:00,friends,3773,oper Last seen 9h ago 37 Friends 3773 Followers 14 Following A
2026-09-19T04:51:50.586286+00:00,visits,115075,"rtex 3,014 members Owner Visits 115,075 Joined April 23, 2026 Wi"
2026-09-19T09:10:15.494259+00:00,friends,37,veloper Last seen 1h ago 37 Friends 3778 Followers 14 Follow
2026-09-19T09:10:15.494259+00:00,members,17,fline Groups (7) < > jae 17 members KEY 435 members anti-kos
2026-09-19T09:10:15.494259+00:00,members,435,) < > jae 17 members KEY 435 members anti-kostas 43 members k
2026-09-19T09:10:15.494259+00:00,members,43, 435 members anti-kostas 43 members kostas 90 members The 2T
2026-09-19T09:10:15.494259+00:00,members,90,kostas 43 members kostas 90 members The 2Toneverse 201 membe
2026-09-19T09:10:15.494259+00:00,members,201,0 members The 2Toneverse 201 members Mini Tower Mayhem! 49 me
2026-09-19T09:10:15.494259+00:00,members,49,"mbers Mini Tower Mayhem! 49 members Vortex 3,025 members Own"
2026-09-19T09:10:15.494259+00:00,members,3025,"ayhem! 49 members Vortex 3,025 members Owner Visits 115,134 Joi"
2026-09-19T09:10:15.494259+00:00,friends,3778,oper Last seen 1h ago 37 Friends 3778 Followers 14 Following A
2026-09-19T09:10:15.494259+00:00,visits,115134,"rtex 3,025 members Owner Visits 115,134 Joined April 23, 2026 Wi"
2026-09-19T13:09:38.412355+00:00,friends,37,veloper Last seen 2h ago 37 Friends 3780 Followers 14 Follow
2026-09-19T13:09:38.412355+00:00,members,17,fline Groups (7) < > jae 17 members KEY 437 members anti-kos
2026-09-19T13:09:38.412355+00:00,members,437,) < > jae 17 members KEY 437 members anti-kostas 43 members k
2026-09-19T13:09:38.412355+00:00,members,43, 437 members anti-kostas 43 members kostas 90 members The 2T
2026-09-19T13:09:38.412355+00:00,members,90,kostas 43 members kostas 90 members The 2Toneverse 201 membe
2026-09-19T13:09:38.412355+00:00,members,201,0 members The 2Toneverse 201 members Mini Tower Mayhem! 49 me
2026-09-19T13:09:38.412355+00:00,members,49,"mbers Mini Tower Mayhem! 49 members Vortex 3,036 members Own"
2026-09-19T13:09:38.412355+00:00,members,3036,"ayhem! 49 members Vortex 3,036 members Owner Visits 115,211 Joi"
2026-09-19T13:09:38.412355+00:00,friends,3780,oper Last seen 2h ago 37 Friends 3780 Followers 14 Following A
2026-09-19T13:09:38.412355+00:00,visits,115211,"rtex 3,036 members Owner Visits 115,211 Joined April 23, 2026 Wi"
